-- --------------------------------------------------------
-- Host:                         localhost
-- Server version:               5.7.24 - MySQL Community Server (GPL)
-- Server OS:                    Win64
-- HeidiSQL Version:             10.2.0.5599
-- --------------------------------------------------------

/*!40101 SET @OLD_CHARACTER_SET_CLIENT=@@CHARACTER_SET_CLIENT */;
/*!40101 SET NAMES utf8 */;
/*!50503 SET NAMES utf8mb4 */;
/*!40014 SET @OLD_FOREIGN_KEY_CHECKS=@@FOREIGN_KEY_CHECKS, FOREIGN_KEY_CHECKS=0 */;
/*!40101 SET @OLD_SQL_MODE=@@SQL_MODE, SQL_MODE='NO_AUTO_VALUE_ON_ZERO' */;


-- Dumping database structure for dhsn_sms
CREATE DATABASE IF NOT EXISTS `dhsn_sms` /*!40100 DEFAULT CHARACTER SET latin1 */;
USE `dhsn_sms`;

-- Dumping structure for table dhsn_sms.admins
CREATE TABLE IF NOT EXISTS `admins` (
  `id` bigint(20) unsigned NOT NULL AUTO_INCREMENT,
  `user_id` char(36) COLLATE utf8mb4_unicode_ci NOT NULL,
  `fname` varchar(255) COLLATE utf8mb4_unicode_ci NOT NULL,
  `mname` varchar(255) COLLATE utf8mb4_unicode_ci DEFAULT NULL,
  `lname` varchar(255) COLLATE utf8mb4_unicode_ci NOT NULL,
  `gender` varchar(255) COLLATE utf8mb4_unicode_ci NOT NULL,
  `address` varchar(255) COLLATE utf8mb4_unicode_ci NOT NULL,
  `phone` varchar(255) COLLATE utf8mb4_unicode_ci NOT NULL,
  `passport` blob,
  `deleted_at` timestamp NULL DEFAULT NULL,
  `created_at` timestamp NULL DEFAULT NULL,
  `updated_at` timestamp NULL DEFAULT NULL,
  PRIMARY KEY (`id`),
  KEY `admins_user_id_foreign` (`user_id`),
  CONSTRAINT `admins_user_id_foreign` FOREIGN KEY (`user_id`) REFERENCES `users` (`id`) ON DELETE CASCADE
) ENGINE=InnoDB AUTO_INCREMENT=3 DEFAULT CHARSET=utf8mb4 COLLATE=utf8mb4_unicode_ci;

-- Dumping data for table dhsn_sms.admins: ~0 rows (approximately)
/*!40000 ALTER TABLE `admins` DISABLE KEYS */;
INSERT INTO `admins` (`id`, `user_id`, `fname`, `mname`, `lname`, `gender`, `address`, `phone`, `passport`, `deleted_at`, `created_at`, `updated_at`) VALUES
	(2, '63161595-28cc-4db5-88b9-c8d2bae9cc4b', 'Admin', NULL, 'User', 'Male', '    No. 4 Madarkachi Road, Gaskiya Layout, Zaria, Kaduna State - Nigeria.', '+2348036945761', NULL, NULL, '2021-04-19 18:19:49', '2021-04-19 18:19:52');
/*!40000 ALTER TABLE `admins` ENABLE KEYS */;

-- Dumping structure for table dhsn_sms.arms
CREATE TABLE IF NOT EXISTS `arms` (
  `id` bigint(20) unsigned NOT NULL AUTO_INCREMENT,
  `level_id` bigint(20) unsigned NOT NULL,
  `name` varchar(255) COLLATE utf8mb4_unicode_ci NOT NULL,
  `created_at` timestamp NULL DEFAULT NULL,
  `updated_at` timestamp NULL DEFAULT NULL,
  PRIMARY KEY (`id`),
  KEY `arms_level_id_foreign` (`level_id`),
  CONSTRAINT `arms_level_id_foreign` FOREIGN KEY (`level_id`) REFERENCES `levels` (`id`) ON DELETE CASCADE
) ENGINE=InnoDB AUTO_INCREMENT=3 DEFAULT CHARSET=utf8mb4 COLLATE=utf8mb4_unicode_ci;

-- Dumping data for table dhsn_sms.arms: ~2 rows (approximately)
/*!40000 ALTER TABLE `arms` DISABLE KEYS */;
INSERT INTO `arms` (`id`, `level_id`, `name`, `created_at`, `updated_at`) VALUES
	(1, 1, 'Shark Ponky', '2021-04-02 10:34:07', '2021-04-02 10:34:07'),
	(2, 1, 'Love', '2021-04-02 10:34:27', '2021-04-02 10:34:27');
/*!40000 ALTER TABLE `arms` ENABLE KEYS */;

-- Dumping structure for table dhsn_sms.complains
CREATE TABLE IF NOT EXISTS `complains` (
  `id` bigint(20) unsigned NOT NULL AUTO_INCREMENT,
  `user_id` char(36) COLLATE utf8mb4_unicode_ci NOT NULL,
  `title` varchar(255) COLLATE utf8mb4_unicode_ci NOT NULL,
  `body` longtext COLLATE utf8mb4_unicode_ci NOT NULL,
  `status` longtext COLLATE utf8mb4_unicode_ci,
  `deleted_at` timestamp NULL DEFAULT NULL,
  `created_at` timestamp NULL DEFAULT NULL,
  `updated_at` timestamp NULL DEFAULT NULL,
  PRIMARY KEY (`id`),
  KEY `complains_user_id_foreign` (`user_id`),
  CONSTRAINT `complains_user_id_foreign` FOREIGN KEY (`user_id`) REFERENCES `users` (`id`) ON DELETE CASCADE
) ENGINE=InnoDB AUTO_INCREMENT=2 DEFAULT CHARSET=utf8mb4 COLLATE=utf8mb4_unicode_ci;

-- Dumping data for table dhsn_sms.complains: ~0 rows (approximately)
/*!40000 ALTER TABLE `complains` DISABLE KEYS */;
INSERT INTO `complains` (`id`, `user_id`, `title`, `body`, `status`, `deleted_at`, `created_at`, `updated_at`) VALUES
	(1, '7b0167d6-59cf-455e-b87e-40aefc55e3d4', 'wdsdsdsd', '&lt;div&gt;sdfdfsdfsd&lt;/div&gt;', NULL, NULL, '2021-04-29 11:03:19', '2021-04-29 11:03:19');
/*!40000 ALTER TABLE `complains` ENABLE KEYS */;

-- Dumping structure for table dhsn_sms.failed_jobs
CREATE TABLE IF NOT EXISTS `failed_jobs` (
  `id` bigint(20) unsigned NOT NULL AUTO_INCREMENT,
  `uuid` varchar(255) COLLATE utf8mb4_unicode_ci NOT NULL,
  `connection` text COLLATE utf8mb4_unicode_ci NOT NULL,
  `queue` text COLLATE utf8mb4_unicode_ci NOT NULL,
  `payload` longtext COLLATE utf8mb4_unicode_ci NOT NULL,
  `exception` longtext COLLATE utf8mb4_unicode_ci NOT NULL,
  `failed_at` timestamp NOT NULL DEFAULT CURRENT_TIMESTAMP,
  PRIMARY KEY (`id`),
  UNIQUE KEY `failed_jobs_uuid_unique` (`uuid`)
) ENGINE=InnoDB DEFAULT CHARSET=utf8mb4 COLLATE=utf8mb4_unicode_ci;

-- Dumping data for table dhsn_sms.failed_jobs: ~0 rows (approximately)
/*!40000 ALTER TABLE `failed_jobs` DISABLE KEYS */;
/*!40000 ALTER TABLE `failed_jobs` ENABLE KEYS */;

-- Dumping structure for table dhsn_sms.fees
CREATE TABLE IF NOT EXISTS `fees` (
  `id` bigint(20) unsigned NOT NULL AUTO_INCREMENT,
  `amount` varchar(255) COLLATE utf8mb4_unicode_ci NOT NULL,
  `level_id` bigint(20) unsigned NOT NULL,
  `term_id` bigint(20) unsigned NOT NULL,
  `section_id` bigint(20) unsigned NOT NULL,
  `created_at` timestamp NULL DEFAULT NULL,
  `updated_at` timestamp NULL DEFAULT NULL,
  PRIMARY KEY (`id`),
  KEY `fees_term_id_foreign` (`term_id`),
  KEY `fees_section_id_foreign` (`section_id`),
  KEY `fees_level_id_foreign` (`level_id`),
  CONSTRAINT `fees_level_id_foreign` FOREIGN KEY (`level_id`) REFERENCES `levels` (`id`) ON DELETE CASCADE,
  CONSTRAINT `fees_section_id_foreign` FOREIGN KEY (`section_id`) REFERENCES `sections` (`id`) ON DELETE CASCADE,
  CONSTRAINT `fees_term_id_foreign` FOREIGN KEY (`term_id`) REFERENCES `terms` (`id`) ON DELETE CASCADE
) ENGINE=InnoDB AUTO_INCREMENT=2 DEFAULT CHARSET=utf8mb4 COLLATE=utf8mb4_unicode_ci;

-- Dumping data for table dhsn_sms.fees: ~0 rows (approximately)
/*!40000 ALTER TABLE `fees` DISABLE KEYS */;
INSERT INTO `fees` (`id`, `amount`, `level_id`, `term_id`, `section_id`, `created_at`, `updated_at`) VALUES
	(1, '25000', 1, 1, 1, '2021-04-13 10:28:21', '2021-04-13 10:28:21');
/*!40000 ALTER TABLE `fees` ENABLE KEYS */;

-- Dumping structure for table dhsn_sms.guardians
CREATE TABLE IF NOT EXISTS `guardians` (
  `id` bigint(20) unsigned NOT NULL AUTO_INCREMENT,
  `user_id` char(36) COLLATE utf8mb4_unicode_ci NOT NULL,
  `fname` varchar(255) COLLATE utf8mb4_unicode_ci DEFAULT NULL,
  `mname` varchar(255) COLLATE utf8mb4_unicode_ci DEFAULT NULL,
  `lname` varchar(255) COLLATE utf8mb4_unicode_ci DEFAULT NULL,
  `email` varchar(255) COLLATE utf8mb4_unicode_ci DEFAULT NULL,
  `gender` varchar(255) COLLATE utf8mb4_unicode_ci DEFAULT NULL,
  `occupation` varchar(255) COLLATE utf8mb4_unicode_ci DEFAULT NULL,
  `phone` varchar(255) COLLATE utf8mb4_unicode_ci DEFAULT NULL,
  `home_address` varchar(255) COLLATE utf8mb4_unicode_ci DEFAULT NULL,
  `office_address` varchar(255) COLLATE utf8mb4_unicode_ci DEFAULT NULL,
  `passport` blob,
  `deleted_at` timestamp NULL DEFAULT NULL,
  `created_at` timestamp NULL DEFAULT NULL,
  `updated_at` timestamp NULL DEFAULT NULL,
  PRIMARY KEY (`id`),
  UNIQUE KEY `guardians_email_unique` (`email`),
  KEY `guardians_user_id_foreign` (`user_id`),
  CONSTRAINT `guardians_user_id_foreign` FOREIGN KEY (`user_id`) REFERENCES `users` (`id`) ON DELETE CASCADE
) ENGINE=InnoDB AUTO_INCREMENT=2 DEFAULT CHARSET=utf8mb4 COLLATE=utf8mb4_unicode_ci;

-- Dumping data for table dhsn_sms.guardians: ~0 rows (approximately)
/*!40000 ALTER TABLE `guardians` DISABLE KEYS */;
INSERT INTO `guardians` (`id`, `user_id`, `fname`, `mname`, `lname`, `email`, `gender`, `occupation`, `phone`, `home_address`, `office_address`, `passport`, `deleted_at`, `created_at`, `updated_at`) VALUES
	(1, '65718582-f344-445a-9d86-c260b288cde2', 'Admin', '', 'Guardian', 'guardian@dhsnigeria.org', 'Male', 'Guardian', '+2348036945761', '    No. 4 Madarkachi Road, Gaskiya Layout, Zaria, Kaduna State - Nigeria.', '    No. 4 Madarkachi Road, Gaskiya Layout, Zaria, Kaduna State - Nigeria.', _binary 0x58626936304679564D674F6F66374D38316B75616B7057684A684159577750424D373672417A4C702E6A7067, NULL, '2021-04-02 10:52:35', '2021-04-02 10:52:35');
/*!40000 ALTER TABLE `guardians` ENABLE KEYS */;

-- Dumping structure for table dhsn_sms.levels
CREATE TABLE IF NOT EXISTS `levels` (
  `id` bigint(20) unsigned NOT NULL AUTO_INCREMENT,
  `name` varchar(255) COLLATE utf8mb4_unicode_ci NOT NULL,
  `unit` varchar(255) COLLATE utf8mb4_unicode_ci DEFAULT NULL,
  `created_at` timestamp NULL DEFAULT NULL,
  `updated_at` timestamp NULL DEFAULT NULL,
  PRIMARY KEY (`id`)
) ENGINE=InnoDB AUTO_INCREMENT=22 DEFAULT CHARSET=utf8mb4 COLLATE=utf8mb4_unicode_ci;

-- Dumping data for table dhsn_sms.levels: ~15 rows (approximately)
/*!40000 ALTER TABLE `levels` DISABLE KEYS */;
INSERT INTO `levels` (`id`, `name`, `unit`, `created_at`, `updated_at`) VALUES
	(1, 'Junior Arabic and Islamic School 1', NULL, '2020-08-16 09:24:21', '2020-08-16 09:24:21'),
	(2, 'Junior Arabic and Islamic School 2', NULL, '2020-08-16 09:24:21', '2020-08-16 09:24:21'),
	(3, 'Junior Arabic and Islamic School 3', NULL, '2020-08-16 09:24:21', '2020-08-16 09:24:21'),
	(4, 'Remedial', NULL, '2020-08-16 09:24:21', '2020-08-16 09:24:21'),
	(5, 'Senior Arabic and Islamic School 1', NULL, '2020-08-16 09:24:21', '2020-08-16 09:24:21'),
	(6, 'Senior Arabic and Islamic School 2', NULL, '2020-08-16 09:24:21', '2020-08-16 09:24:21'),
	(7, 'Senior Arabic and Islamic School 3', NULL, '2020-08-16 09:24:21', '2020-08-16 09:24:21'),
	(14, 'Basic One', NULL, '2021-04-25 09:03:22', '2021-04-25 09:03:22'),
	(15, 'Basic Two', NULL, '2021-04-25 09:17:15', '2021-04-25 09:17:15'),
	(16, 'Basic Three', NULL, '2021-04-25 09:35:20', '2021-04-25 09:35:20'),
	(17, 'Nursery One', NULL, '2021-04-25 09:35:50', '2021-04-25 09:35:50'),
	(18, 'Nursery Two', NULL, '2021-04-25 09:36:02', '2021-04-25 09:36:02'),
	(19, 'Pre-Nursery', NULL, '2021-04-25 09:36:15', '2021-04-25 09:36:15'),
	(20, 'test', 'new 3', '2021-05-11 01:18:16', '2021-05-11 01:18:16'),
	(21, 'test', 'new 3', '2021-05-11 02:10:07', '2021-05-11 02:10:07');
/*!40000 ALTER TABLE `levels` ENABLE KEYS */;

-- Dumping structure for table dhsn_sms.level_subject
CREATE TABLE IF NOT EXISTS `level_subject` (
  `subject_id` bigint(20) unsigned NOT NULL,
  `level_id` bigint(20) unsigned NOT NULL,
  KEY `level_subject_subject_id_foreign` (`subject_id`),
  KEY `level_subject_level_id_foreign` (`level_id`),
  CONSTRAINT `level_subject_level_id_foreign` FOREIGN KEY (`level_id`) REFERENCES `levels` (`id`) ON DELETE CASCADE,
  CONSTRAINT `level_subject_subject_id_foreign` FOREIGN KEY (`subject_id`) REFERENCES `subjects` (`id`) ON DELETE CASCADE
) ENGINE=InnoDB DEFAULT CHARSET=utf8mb4 COLLATE=utf8mb4_unicode_ci;

-- Dumping data for table dhsn_sms.level_subject: ~37 rows (approximately)
/*!40000 ALTER TABLE `level_subject` DISABLE KEYS */;
INSERT INTO `level_subject` (`subject_id`, `level_id`) VALUES
	(35, 1),
	(43, 1),
	(42, 1),
	(41, 1),
	(36, 1),
	(33, 1),
	(40, 1),
	(39, 1),
	(38, 1),
	(37, 1),
	(32, 1),
	(30, 1),
	(29, 1),
	(28, 1),
	(27, 1),
	(24, 1),
	(26, 1),
	(25, 1),
	(38, 2),
	(43, 2),
	(42, 2),
	(41, 2),
	(40, 2),
	(39, 2),
	(37, 2),
	(36, 2),
	(35, 2),
	(33, 2),
	(29, 2),
	(28, 2),
	(32, 2),
	(30, 2),
	(25, 2),
	(24, 2),
	(26, 2),
	(27, 2),
	(44, 2);
/*!40000 ALTER TABLE `level_subject` ENABLE KEYS */;

-- Dumping structure for table dhsn_sms.lgas
CREATE TABLE IF NOT EXISTS `lgas` (
  `id` bigint(20) unsigned NOT NULL AUTO_INCREMENT,
  `state_id` bigint(20) unsigned NOT NULL,
  `name` varchar(255) COLLATE utf8mb4_unicode_ci NOT NULL,
  `created_at` timestamp NULL DEFAULT NULL,
  `updated_at` timestamp NULL DEFAULT NULL,
  PRIMARY KEY (`id`),
  KEY `lgas_state_id_foreign` (`state_id`),
  CONSTRAINT `lgas_state_id_foreign` FOREIGN KEY (`state_id`) REFERENCES `states` (`id`) ON DELETE CASCADE
) ENGINE=InnoDB AUTO_INCREMENT=775 DEFAULT CHARSET=utf8mb4 COLLATE=utf8mb4_unicode_ci;

-- Dumping data for table dhsn_sms.lgas: ~774 rows (approximately)
/*!40000 ALTER TABLE `lgas` DISABLE KEYS */;
INSERT INTO `lgas` (`id`, `state_id`, `name`, `created_at`, `updated_at`) VALUES
	(1, 1, 'Aba North', NULL, NULL),
	(2, 1, 'Aba South', NULL, NULL),
	(3, 1, 'Arochukwu', NULL, NULL),
	(4, 1, 'Bende', NULL, NULL),
	(5, 1, 'Ikwuano', NULL, NULL),
	(6, 1, 'Isiala Ngwa North', NULL, NULL),
	(7, 1, 'Isiala Ngwa South', NULL, NULL),
	(8, 1, 'Isuikwuato', NULL, NULL),
	(9, 1, 'Obi Ngwa', NULL, NULL),
	(10, 1, 'Ohafia', NULL, NULL),
	(11, 1, 'Osisioma', NULL, NULL),
	(12, 1, 'Ugwunagbo', NULL, NULL),
	(13, 1, 'Ukwa East', NULL, NULL),
	(14, 1, 'Ukwa West', NULL, NULL),
	(15, 1, 'Umuahia North', NULL, NULL),
	(16, 1, 'Umuahia South', NULL, NULL),
	(17, 1, 'Umu Nneochi', NULL, NULL),
	(18, 2, 'Demsa', NULL, NULL),
	(19, 2, 'Fufure', NULL, NULL),
	(20, 2, 'Ganye', NULL, NULL),
	(21, 2, 'Gayuk', NULL, NULL),
	(22, 2, 'Gombi', NULL, NULL),
	(23, 2, 'Grie', NULL, NULL),
	(24, 2, 'Hong', NULL, NULL),
	(25, 2, 'Jada', NULL, NULL),
	(26, 2, 'Larmurde', NULL, NULL),
	(27, 2, 'Madagali', NULL, NULL),
	(28, 2, 'Maiha', NULL, NULL),
	(29, 2, 'Mayo Belwa', NULL, NULL),
	(30, 2, 'Michika', NULL, NULL),
	(31, 2, 'Mubi North', NULL, NULL),
	(32, 2, 'Mubi South', NULL, NULL),
	(33, 2, 'Numan', NULL, NULL),
	(34, 2, 'Shelleng', NULL, NULL),
	(35, 2, 'Song', NULL, NULL),
	(36, 2, 'Toungo', NULL, NULL),
	(37, 2, 'Yola North', NULL, NULL),
	(38, 2, 'Yola South', NULL, NULL),
	(39, 3, 'Abak', NULL, NULL),
	(40, 3, 'Eastern Obolo', NULL, NULL),
	(41, 3, 'Eket', NULL, NULL),
	(42, 3, 'Esit Eket', NULL, NULL),
	(43, 3, 'Essien Udim', NULL, NULL),
	(44, 3, 'Etim Ekpo', NULL, NULL),
	(45, 3, 'Etinan', NULL, NULL),
	(46, 3, 'Ibeno', NULL, NULL),
	(47, 3, 'Ibesikpo Asutan', NULL, NULL),
	(48, 3, 'Ibiono-Ibom', NULL, NULL),
	(49, 3, 'Ika', NULL, NULL),
	(50, 3, 'Ikono', NULL, NULL),
	(51, 3, 'Ikot Abasi', NULL, NULL),
	(52, 3, 'Ikot Ekpene', NULL, NULL),
	(53, 3, 'Ini', NULL, NULL),
	(54, 3, 'Itu', NULL, NULL),
	(55, 3, 'Mbo', NULL, NULL),
	(56, 3, 'Mkpat-Enin', NULL, NULL),
	(57, 3, 'Nsit-Atai', NULL, NULL),
	(58, 3, 'Nsit-Ibom', NULL, NULL),
	(59, 3, 'Nsit-Ubium', NULL, NULL),
	(60, 3, 'Obot Akara', NULL, NULL),
	(61, 3, 'Okobo', NULL, NULL),
	(62, 3, 'Onna', NULL, NULL),
	(63, 3, 'Oron', NULL, NULL),
	(64, 3, 'Oruk Anam', NULL, NULL),
	(65, 3, 'Udung-Uko', NULL, NULL),
	(66, 3, 'Ukanafun', NULL, NULL),
	(67, 3, 'Uruan', NULL, NULL),
	(68, 3, 'Urue-Offong/Oruko', NULL, NULL),
	(69, 3, 'Uyo', NULL, NULL),
	(70, 4, 'Aguata', NULL, NULL),
	(71, 4, 'Anambra East', NULL, NULL),
	(72, 4, 'Anambra West', NULL, NULL),
	(73, 4, 'Anaocha', NULL, NULL),
	(74, 4, 'Awka North', NULL, NULL),
	(75, 4, 'Awka South', NULL, NULL),
	(76, 4, 'Ayamelum', NULL, NULL),
	(77, 4, 'Dunukofia', NULL, NULL),
	(78, 4, 'Ekwusigo', NULL, NULL),
	(79, 4, 'Idemili North', NULL, NULL),
	(80, 4, 'Idemili South', NULL, NULL),
	(81, 4, 'Ihiala', NULL, NULL),
	(82, 4, 'Njikoka', NULL, NULL),
	(83, 4, 'Nnewi North', NULL, NULL),
	(84, 4, 'Nnewi South', NULL, NULL),
	(85, 4, 'Ogbaru', NULL, NULL),
	(86, 4, 'Onitsha North', NULL, NULL),
	(87, 4, 'Onitsha South', NULL, NULL),
	(88, 4, 'Orumba North', NULL, NULL),
	(89, 4, 'Orumba South', NULL, NULL),
	(90, 4, 'Oyi', NULL, NULL),
	(91, 5, 'Alkaleri', NULL, NULL),
	(92, 5, 'Bauchi', NULL, NULL),
	(93, 5, 'Bogoro', NULL, NULL),
	(94, 5, 'Damban', NULL, NULL),
	(95, 5, 'Darazo', NULL, NULL),
	(96, 5, 'Dass', NULL, NULL),
	(97, 5, 'Gamawa', NULL, NULL),
	(98, 5, 'Ganjuwa', NULL, NULL),
	(99, 5, 'Giade', NULL, NULL),
	(100, 5, 'Itas/Gadau', NULL, NULL),
	(101, 5, 'Jama\'are', NULL, NULL),
	(102, 5, 'Katagum', NULL, NULL),
	(103, 5, 'Kirfi', NULL, NULL),
	(104, 5, 'Misau', NULL, NULL),
	(105, 5, 'Ningi', NULL, NULL),
	(106, 5, 'Shira', NULL, NULL),
	(107, 5, 'Tafawa Balewa', NULL, NULL),
	(108, 5, 'Toro', NULL, NULL),
	(109, 5, 'Warji', NULL, NULL),
	(110, 5, 'Zaki', NULL, NULL),
	(111, 6, 'Brass', NULL, NULL),
	(112, 6, 'Ekeremor', NULL, NULL),
	(113, 6, 'Kolokuma/Opokuma', NULL, NULL),
	(114, 6, 'Nembe', NULL, NULL),
	(115, 6, 'Ogbia', NULL, NULL),
	(116, 6, 'Sagbama', NULL, NULL),
	(117, 6, 'Southern Ijaw', NULL, NULL),
	(118, 6, 'Yenagoa', NULL, NULL),
	(119, 7, 'Agatu', NULL, NULL),
	(120, 7, 'Apa', NULL, NULL),
	(121, 7, 'Ado', NULL, NULL),
	(122, 7, 'Buruku', NULL, NULL),
	(123, 7, 'Gboko', NULL, NULL),
	(124, 7, 'Guma', NULL, NULL),
	(125, 7, 'Gwer East', NULL, NULL),
	(126, 7, 'Gwer West', NULL, NULL),
	(127, 7, 'Katsina-Ala', NULL, NULL),
	(128, 7, 'Konshisha', NULL, NULL),
	(129, 7, 'Kwande', NULL, NULL),
	(130, 7, 'Logo', NULL, NULL),
	(131, 7, 'Makurdi', NULL, NULL),
	(132, 7, 'Obi', NULL, NULL),
	(133, 7, 'Ogbadibo', NULL, NULL),
	(134, 7, 'Ohimini', NULL, NULL),
	(135, 7, 'Oju', NULL, NULL),
	(136, 7, 'Okpokwu', NULL, NULL),
	(137, 7, 'Oturkpo', NULL, NULL),
	(138, 7, 'Tarka', NULL, NULL),
	(139, 7, 'Ukum', NULL, NULL),
	(140, 7, 'Ushongo', NULL, NULL),
	(141, 7, 'Vandeikya', NULL, NULL),
	(142, 8, 'Abadam', NULL, NULL),
	(143, 8, 'Askira/Uba', NULL, NULL),
	(144, 8, 'Bama', NULL, NULL),
	(145, 8, 'Bayo', NULL, NULL),
	(146, 8, 'Biu', NULL, NULL),
	(147, 8, 'Chibok', NULL, NULL),
	(148, 8, 'Damboa', NULL, NULL),
	(149, 8, 'Dikwa', NULL, NULL),
	(150, 8, 'Gubio', NULL, NULL),
	(151, 8, 'Guzamala', NULL, NULL),
	(152, 8, 'Gwoza', NULL, NULL),
	(153, 8, 'Hawul', NULL, NULL),
	(154, 8, 'Jere', NULL, NULL),
	(155, 8, 'Kaga', NULL, NULL),
	(156, 8, 'Kala/Balge', NULL, NULL),
	(157, 8, 'Konduga', NULL, NULL),
	(158, 8, 'Kukawa', NULL, NULL),
	(159, 8, 'Kwaya Kusar', NULL, NULL),
	(160, 8, 'Mafa', NULL, NULL),
	(161, 8, 'Magumeri', NULL, NULL),
	(162, 8, 'Maiduguri', NULL, NULL),
	(163, 8, 'Marte', NULL, NULL),
	(164, 8, 'Mobbar', NULL, NULL),
	(165, 8, 'Monguno', NULL, NULL),
	(166, 8, 'Ngala', NULL, NULL),
	(167, 8, 'Nganzai', NULL, NULL),
	(168, 8, 'Shani', NULL, NULL),
	(169, 9, 'Abi', NULL, NULL),
	(170, 9, 'Akamkpa', NULL, NULL),
	(171, 9, 'Akpabuyo', NULL, NULL),
	(172, 9, 'Bakassi', NULL, NULL),
	(173, 9, 'Bekwarra', NULL, NULL),
	(174, 9, 'Biase', NULL, NULL),
	(175, 9, 'Boki', NULL, NULL),
	(176, 9, 'Calabar Municipal', NULL, NULL),
	(177, 9, 'Calabar South', NULL, NULL),
	(178, 9, 'Etung', NULL, NULL),
	(179, 9, 'Ikom', NULL, NULL),
	(180, 9, 'Obanliku', NULL, NULL),
	(181, 9, 'Obubra', NULL, NULL),
	(182, 9, 'Obudu', NULL, NULL),
	(183, 9, 'Odukpani', NULL, NULL),
	(184, 9, 'Ogoja', NULL, NULL),
	(185, 9, 'Yakuur', NULL, NULL),
	(186, 9, 'Yala', NULL, NULL),
	(187, 10, 'Aniocha North', NULL, NULL),
	(188, 10, 'Aniocha South', NULL, NULL),
	(189, 10, 'Bomadi', NULL, NULL),
	(190, 10, 'Burutu', NULL, NULL),
	(191, 10, 'Ethiope East', NULL, NULL),
	(192, 10, 'Ethiope West', NULL, NULL),
	(193, 10, 'Ika North East', NULL, NULL),
	(194, 10, 'Ika South', NULL, NULL),
	(195, 10, 'Isoko North', NULL, NULL),
	(196, 10, 'Isoko South', NULL, NULL),
	(197, 10, 'Ndokwa East', NULL, NULL),
	(198, 10, 'Ndokwa West', NULL, NULL),
	(199, 10, 'Okpe', NULL, NULL),
	(200, 10, 'Oshimili North', NULL, NULL),
	(201, 10, 'Oshimili South', NULL, NULL),
	(202, 10, 'Patani', NULL, NULL),
	(203, 10, 'Sapele, Delta', NULL, NULL),
	(204, 10, 'Udu', NULL, NULL),
	(205, 10, 'Ughelli North', NULL, NULL),
	(206, 10, 'Ughelli South', NULL, NULL),
	(207, 10, 'Ukwuani', NULL, NULL),
	(208, 10, 'Uvwie', NULL, NULL),
	(209, 10, 'Warri North', NULL, NULL),
	(210, 10, 'Warri South', NULL, NULL),
	(211, 10, 'Warri South West', NULL, NULL),
	(212, 11, 'Abakaliki', NULL, NULL),
	(213, 11, 'Afikpo North', NULL, NULL),
	(214, 11, 'Afikpo South', NULL, NULL),
	(215, 11, 'Ebonyi', NULL, NULL),
	(216, 11, 'Ezza North', NULL, NULL),
	(217, 11, 'Ezza South', NULL, NULL),
	(218, 11, 'Ikwo', NULL, NULL),
	(219, 11, 'Ishielu', NULL, NULL),
	(220, 11, 'Ivo', NULL, NULL),
	(221, 11, 'Izzi', NULL, NULL),
	(222, 11, 'Ohaozara', NULL, NULL),
	(223, 11, 'Ohaukwu', NULL, NULL),
	(224, 11, 'Onicha', NULL, NULL),
	(225, 12, 'Akoko-Edo', NULL, NULL),
	(226, 12, 'Egor', NULL, NULL),
	(227, 12, 'Esan Central', NULL, NULL),
	(228, 12, 'Esan North-East', NULL, NULL),
	(229, 12, 'Esan South-East', NULL, NULL),
	(230, 12, 'Esan West', NULL, NULL),
	(231, 12, 'Etsako Central', NULL, NULL),
	(232, 12, 'Etsako East', NULL, NULL),
	(233, 12, 'Etsako West', NULL, NULL),
	(234, 12, 'Igueben', NULL, NULL),
	(235, 12, 'Ikpoba Okha', NULL, NULL),
	(236, 12, 'Orhionmwon', NULL, NULL),
	(237, 12, 'Oredo', NULL, NULL),
	(238, 12, 'Ovia North-East', NULL, NULL),
	(239, 12, 'Ovia South-West', NULL, NULL),
	(240, 12, 'Owan East', NULL, NULL),
	(241, 12, 'Owan West', NULL, NULL),
	(242, 12, 'Uhunmwonde', NULL, NULL),
	(243, 13, 'Ado Ekiti', NULL, NULL),
	(244, 13, 'Efon', NULL, NULL),
	(245, 13, 'Ekiti East', NULL, NULL),
	(246, 13, 'Ekiti South-West', NULL, NULL),
	(247, 13, 'Ekiti West', NULL, NULL),
	(248, 13, 'Emure', NULL, NULL),
	(249, 13, 'Gbonyin', NULL, NULL),
	(250, 13, 'Ido Osi', NULL, NULL),
	(251, 13, 'Ijero', NULL, NULL),
	(252, 13, 'Ikere', NULL, NULL),
	(253, 13, 'Ikole', NULL, NULL),
	(254, 13, 'Ilejemeje', NULL, NULL),
	(255, 13, 'Irepodun/Ifelodun', NULL, NULL),
	(256, 13, 'Ise/Orun', NULL, NULL),
	(257, 13, 'Moba', NULL, NULL),
	(258, 13, 'Oye', NULL, NULL),
	(259, 14, 'Aninri', NULL, NULL),
	(260, 14, 'Awgu', NULL, NULL),
	(261, 14, 'Enugu East', NULL, NULL),
	(262, 14, 'Enugu North', NULL, NULL),
	(263, 14, 'Enugu South', NULL, NULL),
	(264, 14, 'Ezeagu', NULL, NULL),
	(265, 14, 'Igbo Etiti', NULL, NULL),
	(266, 14, 'Igbo Eze North', NULL, NULL),
	(267, 14, 'Igbo Eze South', NULL, NULL),
	(268, 14, 'Isi Uzo', NULL, NULL),
	(269, 14, 'Nkanu East', NULL, NULL),
	(270, 14, 'Nkanu West', NULL, NULL),
	(271, 14, 'Nsukka', NULL, NULL),
	(272, 14, 'Oji River', NULL, NULL),
	(273, 14, 'Udenu', NULL, NULL),
	(274, 14, 'Udi', NULL, NULL),
	(275, 14, 'Uzo Uwani', NULL, NULL),
	(276, 15, 'Abaji', NULL, NULL),
	(277, 15, 'Bwari', NULL, NULL),
	(278, 15, 'Gwagwalada', NULL, NULL),
	(279, 15, 'Kuje', NULL, NULL),
	(280, 15, 'Kwali', NULL, NULL),
	(281, 15, 'Municipal Area Council', NULL, NULL),
	(282, 16, 'Akko', NULL, NULL),
	(283, 16, 'Balanga', NULL, NULL),
	(284, 16, 'Billiri', NULL, NULL),
	(285, 16, 'Dukku', NULL, NULL),
	(286, 16, 'Funakaye', NULL, NULL),
	(287, 16, 'Gombe', NULL, NULL),
	(288, 16, 'Kaltungo', NULL, NULL),
	(289, 16, 'Kwami', NULL, NULL),
	(290, 16, 'Nafada', NULL, NULL),
	(291, 16, 'Shongom', NULL, NULL),
	(292, 16, 'Yamaltu/Deba', NULL, NULL),
	(293, 17, 'Aboh Mbaise', NULL, NULL),
	(294, 17, 'Ahiazu Mbaise', NULL, NULL),
	(295, 17, 'Ehime Mbano', NULL, NULL),
	(296, 17, 'Ezinihitte', NULL, NULL),
	(297, 17, 'Ideato North', NULL, NULL),
	(298, 17, 'Ideato South', NULL, NULL),
	(299, 17, 'Ihitte/Uboma', NULL, NULL),
	(300, 17, 'Ikeduru', NULL, NULL),
	(301, 17, 'Isiala Mbano', NULL, NULL),
	(302, 17, 'Isu', NULL, NULL),
	(303, 17, 'Mbaitoli', NULL, NULL),
	(304, 17, 'Ngor Okpala', NULL, NULL),
	(305, 17, 'Njaba', NULL, NULL),
	(306, 17, 'Nkwerre', NULL, NULL),
	(307, 17, 'Nwangele', NULL, NULL),
	(308, 17, 'Obowo', NULL, NULL),
	(309, 17, 'Oguta', NULL, NULL),
	(310, 17, 'Ohaji/Egbema', NULL, NULL),
	(311, 17, 'Okigwe', NULL, NULL),
	(312, 17, 'Orlu', NULL, NULL),
	(313, 17, 'Orsu', NULL, NULL),
	(314, 17, 'Oru East', NULL, NULL),
	(315, 17, 'Oru West', NULL, NULL),
	(316, 17, 'Owerri Municipal', NULL, NULL),
	(317, 17, 'Owerri North', NULL, NULL),
	(318, 17, 'Owerri West', NULL, NULL),
	(319, 17, 'Unuimo', NULL, NULL),
	(320, 18, 'Auyo', NULL, NULL),
	(321, 18, 'Babura', NULL, NULL),
	(322, 18, 'Biriniwa', NULL, NULL),
	(323, 18, 'Birnin Kudu', NULL, NULL),
	(324, 18, 'Buji', NULL, NULL),
	(325, 18, 'Dutse', NULL, NULL),
	(326, 18, 'Gagarawa', NULL, NULL),
	(327, 18, 'Garki', NULL, NULL),
	(328, 18, 'Gumel', NULL, NULL),
	(329, 18, 'Guri', NULL, NULL),
	(330, 18, 'Gwaram', NULL, NULL),
	(331, 18, 'Gwiwa', NULL, NULL),
	(332, 18, 'Hadejia', NULL, NULL),
	(333, 18, 'Jahun', NULL, NULL),
	(334, 18, 'Kafin Hausa', NULL, NULL),
	(335, 18, 'Kazaure', NULL, NULL),
	(336, 18, 'Kiri Kasama', NULL, NULL),
	(337, 18, 'Kiyawa', NULL, NULL),
	(338, 18, 'Kaugama', NULL, NULL),
	(339, 18, 'Maigatari', NULL, NULL),
	(340, 18, 'Malam Madori', NULL, NULL),
	(341, 18, 'Miga', NULL, NULL),
	(342, 18, 'Ringim', NULL, NULL),
	(343, 18, 'Roni', NULL, NULL),
	(344, 18, 'Sule Tankarkar', NULL, NULL),
	(345, 18, 'Taura', NULL, NULL),
	(346, 18, 'Yankwashi', NULL, NULL),
	(347, 19, 'Birnin Gwari', NULL, NULL),
	(348, 19, 'Chikun', NULL, NULL),
	(349, 19, 'Giwa', NULL, NULL),
	(350, 19, 'Igabi', NULL, NULL),
	(351, 19, 'Ikara', NULL, NULL),
	(352, 19, 'Jaba', NULL, NULL),
	(353, 19, 'Jema\'a', NULL, NULL),
	(354, 19, 'Kachia', NULL, NULL),
	(355, 19, 'Kaduna North', NULL, NULL),
	(356, 19, 'Kaduna South', NULL, NULL),
	(357, 19, 'Kagarko', NULL, NULL),
	(358, 19, 'Kajuru', NULL, NULL),
	(359, 19, 'Kaura', NULL, NULL),
	(360, 19, 'Kauru', NULL, NULL),
	(361, 19, 'Kubau', NULL, NULL),
	(362, 19, 'Kudan', NULL, NULL),
	(363, 19, 'Lere', NULL, NULL),
	(364, 19, 'Makarfi', NULL, NULL),
	(365, 19, 'Sabon Gari', NULL, NULL),
	(366, 19, 'Sanga', NULL, NULL),
	(367, 19, 'Soba', NULL, NULL),
	(368, 19, 'Zangon Kataf', NULL, NULL),
	(369, 19, 'Zaria', NULL, NULL),
	(370, 20, 'Ajingi', NULL, NULL),
	(371, 20, 'Albasu', NULL, NULL),
	(372, 20, 'Bagwai', NULL, NULL),
	(373, 20, 'Bebeji', NULL, NULL),
	(374, 20, 'Bichi', NULL, NULL),
	(375, 20, 'Bunkure', NULL, NULL),
	(376, 20, 'Dala', NULL, NULL),
	(377, 20, 'Dambatta', NULL, NULL),
	(378, 20, 'Dawakin Kudu', NULL, NULL),
	(379, 20, 'Dawakin Tofa', NULL, NULL),
	(380, 20, 'Doguwa', NULL, NULL),
	(381, 20, 'Fagge', NULL, NULL),
	(382, 20, 'Gabasawa', NULL, NULL),
	(383, 20, 'Garko', NULL, NULL),
	(384, 20, 'Garun Mallam', NULL, NULL),
	(385, 20, 'Gaya', NULL, NULL),
	(386, 20, 'Gezawa', NULL, NULL),
	(387, 20, 'Gwale', NULL, NULL),
	(388, 20, 'Gwarzo', NULL, NULL),
	(389, 20, 'Kabo', NULL, NULL),
	(390, 20, 'Kano Municipal', NULL, NULL),
	(391, 20, 'Karaye', NULL, NULL),
	(392, 20, 'Kibiya', NULL, NULL),
	(393, 20, 'Kiru', NULL, NULL),
	(394, 20, 'Kumbotso', NULL, NULL),
	(395, 20, 'Kunchi', NULL, NULL),
	(396, 20, 'Kura', NULL, NULL),
	(397, 20, 'Madobi', NULL, NULL),
	(398, 20, 'Makoda', NULL, NULL),
	(399, 20, 'Minjibir', NULL, NULL),
	(400, 20, 'Nasarawa', NULL, NULL),
	(401, 20, 'Rano', NULL, NULL),
	(402, 20, 'Rimin Gado', NULL, NULL),
	(403, 20, 'Rogo', NULL, NULL),
	(404, 20, 'Shanono', NULL, NULL),
	(405, 20, 'Sumaila', NULL, NULL),
	(406, 20, 'Takai', NULL, NULL),
	(407, 20, 'Tarauni', NULL, NULL),
	(408, 20, 'Tofa', NULL, NULL),
	(409, 20, 'Tsanyawa', NULL, NULL),
	(410, 20, 'Tudun Wada', NULL, NULL),
	(411, 20, 'Ungogo', NULL, NULL),
	(412, 20, 'Warawa', NULL, NULL),
	(413, 20, 'Wudil', NULL, NULL),
	(414, 21, 'Bakori', NULL, NULL),
	(415, 21, 'Batagarawa', NULL, NULL),
	(416, 21, 'Batsari', NULL, NULL),
	(417, 21, 'Baure', NULL, NULL),
	(418, 21, 'Bindawa', NULL, NULL),
	(419, 21, 'Charanchi', NULL, NULL),
	(420, 21, 'Dandume', NULL, NULL),
	(421, 21, 'Danja', NULL, NULL),
	(422, 21, 'Dan Musa', NULL, NULL),
	(423, 21, 'Daura', NULL, NULL),
	(424, 21, 'Dutsi', NULL, NULL),
	(425, 21, 'Dutsin Ma', NULL, NULL),
	(426, 21, 'Faskari', NULL, NULL),
	(427, 21, 'Funtua', NULL, NULL),
	(428, 21, 'Ingawa', NULL, NULL),
	(429, 21, 'Jibia', NULL, NULL),
	(430, 21, 'Kafur', NULL, NULL),
	(431, 21, 'Kaita', NULL, NULL),
	(432, 21, 'Kankara', NULL, NULL),
	(433, 21, 'Kankia', NULL, NULL),
	(434, 21, 'Katsina', NULL, NULL),
	(435, 21, 'Kurfi', NULL, NULL),
	(436, 21, 'Kusada', NULL, NULL),
	(437, 21, 'Mai\'Adua', NULL, NULL),
	(438, 21, 'Malumfashi', NULL, NULL),
	(439, 21, 'Mani', NULL, NULL),
	(440, 21, 'Mashi', NULL, NULL),
	(441, 21, 'Matazu', NULL, NULL),
	(442, 21, 'Musawa', NULL, NULL),
	(443, 21, 'Rimi', NULL, NULL),
	(444, 21, 'Sabuwa', NULL, NULL),
	(445, 21, 'Safana', NULL, NULL),
	(446, 21, 'Sandamu', NULL, NULL),
	(447, 21, 'Zango', NULL, NULL),
	(448, 22, 'Aleiro', NULL, NULL),
	(449, 22, 'Arewa Dandi', NULL, NULL),
	(450, 22, 'Argungu', NULL, NULL),
	(451, 22, 'Augie', NULL, NULL),
	(452, 22, 'Bagudo', NULL, NULL),
	(453, 22, 'Birnin Kebbi', NULL, NULL),
	(454, 22, 'Bunza', NULL, NULL),
	(455, 22, 'Dandi', NULL, NULL),
	(456, 22, 'Fakai', NULL, NULL),
	(457, 22, 'Gwandu', NULL, NULL),
	(458, 22, 'Jega', NULL, NULL),
	(459, 22, 'Kalgo', NULL, NULL),
	(460, 22, 'Koko/Besse', NULL, NULL),
	(461, 22, 'Maiyama', NULL, NULL),
	(462, 22, 'Ngaski', NULL, NULL),
	(463, 22, 'Sakaba', NULL, NULL),
	(464, 22, 'Shanga', NULL, NULL),
	(465, 22, 'Suru', NULL, NULL),
	(466, 22, 'Wasagu/Danko', NULL, NULL),
	(467, 22, 'Yauri', NULL, NULL),
	(468, 22, 'Zuru', NULL, NULL),
	(469, 23, 'Adavi', NULL, NULL),
	(470, 23, 'Ajaokuta', NULL, NULL),
	(471, 23, 'Ankpa', NULL, NULL),
	(472, 23, 'Bassa', NULL, NULL),
	(473, 23, 'Dekina', NULL, NULL),
	(474, 23, 'Ibaji', NULL, NULL),
	(475, 23, 'Idah', NULL, NULL),
	(476, 23, 'Igalamela Odolu', NULL, NULL),
	(477, 23, 'Ijumu', NULL, NULL),
	(478, 23, 'Kabba/Bunu', NULL, NULL),
	(479, 23, 'Kogi', NULL, NULL),
	(480, 23, 'Lokoja', NULL, NULL),
	(481, 23, 'Mopa Muro', NULL, NULL),
	(482, 23, 'Ofu', NULL, NULL),
	(483, 23, 'Ogori/Magongo', NULL, NULL),
	(484, 23, 'Okehi', NULL, NULL),
	(485, 23, 'Okene', NULL, NULL),
	(486, 23, 'Olamaboro', NULL, NULL),
	(487, 23, 'Omala', NULL, NULL),
	(488, 23, 'Yagba East', NULL, NULL),
	(489, 23, 'Yagba West', NULL, NULL),
	(490, 24, 'Asa', NULL, NULL),
	(491, 24, 'Baruten', NULL, NULL),
	(492, 24, 'Edu', NULL, NULL),
	(493, 24, 'Ekiti, Kwara State', NULL, NULL),
	(494, 24, 'Ifelodun', NULL, NULL),
	(495, 24, 'Ilorin East', NULL, NULL),
	(496, 24, 'Ilorin South', NULL, NULL),
	(497, 24, 'Ilorin West', NULL, NULL),
	(498, 24, 'Irepodun', NULL, NULL),
	(499, 24, 'Isin', NULL, NULL),
	(500, 24, 'Kaiama', NULL, NULL),
	(501, 24, 'Moro', NULL, NULL),
	(502, 24, 'Offa', NULL, NULL),
	(503, 24, 'Oke Ero', NULL, NULL),
	(504, 24, 'Oyun', NULL, NULL),
	(505, 24, 'Pategi', NULL, NULL),
	(506, 25, 'Agege', NULL, NULL),
	(507, 25, 'Ajeromi-Ifelodun', NULL, NULL),
	(508, 25, 'Alimosho', NULL, NULL),
	(509, 25, 'Amuwo-Odofin', NULL, NULL),
	(510, 25, 'Apapa', NULL, NULL),
	(511, 25, 'Badagry', NULL, NULL),
	(512, 25, 'Epe', NULL, NULL),
	(513, 25, 'Eti Osa', NULL, NULL),
	(514, 25, 'Ibeju-Lekki', NULL, NULL),
	(515, 25, 'Ifako-Ijaiye', NULL, NULL),
	(516, 25, 'Ikeja', NULL, NULL),
	(517, 25, 'Ikorodu', NULL, NULL),
	(518, 25, 'Kosofe', NULL, NULL),
	(519, 25, 'Lagos Island', NULL, NULL),
	(520, 25, 'Lagos Mainland', NULL, NULL),
	(521, 25, 'Mushin', NULL, NULL),
	(522, 25, 'Ojo', NULL, NULL),
	(523, 25, 'Oshodi-Isolo', NULL, NULL),
	(524, 25, 'Shomolu', NULL, NULL),
	(525, 25, 'Surulere, Lagos State', NULL, NULL),
	(526, 26, 'Akwanga', NULL, NULL),
	(527, 26, 'Awe', NULL, NULL),
	(528, 26, 'Doma', NULL, NULL),
	(529, 26, 'Karu', NULL, NULL),
	(530, 26, 'Keana', NULL, NULL),
	(531, 26, 'Keffi', NULL, NULL),
	(532, 26, 'Kokona', NULL, NULL),
	(533, 26, 'Lafia', NULL, NULL),
	(534, 26, 'Nasarawa', NULL, NULL),
	(535, 26, 'Nasarawa Egon', NULL, NULL),
	(536, 26, 'Obi', NULL, NULL),
	(537, 26, 'Toto', NULL, NULL),
	(538, 26, 'Wamba', NULL, NULL),
	(539, 27, 'Agaie', NULL, NULL),
	(540, 27, 'Agwara', NULL, NULL),
	(541, 27, 'Bida', NULL, NULL),
	(542, 27, 'Borgu', NULL, NULL),
	(543, 27, 'Bosso', NULL, NULL),
	(544, 27, 'Chanchaga', NULL, NULL),
	(545, 27, 'Edati', NULL, NULL),
	(546, 27, 'Gbako', NULL, NULL),
	(547, 27, 'Gurara', NULL, NULL),
	(548, 27, 'Katcha', NULL, NULL),
	(549, 27, 'Kontagora', NULL, NULL),
	(550, 27, 'Lapai', NULL, NULL),
	(551, 27, 'Lavun', NULL, NULL),
	(552, 27, 'Magama', NULL, NULL),
	(553, 27, 'Mariga', NULL, NULL),
	(554, 27, 'Mashegu', NULL, NULL),
	(555, 27, 'Mokwa', NULL, NULL),
	(556, 27, 'Moya', NULL, NULL),
	(557, 27, 'Paikoro', NULL, NULL),
	(558, 27, 'Rafi', NULL, NULL),
	(559, 27, 'Rijau', NULL, NULL),
	(560, 27, 'Shiroro', NULL, NULL),
	(561, 27, 'Suleja', NULL, NULL),
	(562, 27, 'Tafa', NULL, NULL),
	(563, 27, 'Wushishi', NULL, NULL),
	(564, 28, 'Abeokuta North', NULL, NULL),
	(565, 28, 'Abeokuta South', NULL, NULL),
	(566, 28, 'Ado-Odo/Ota', NULL, NULL),
	(567, 28, 'Egbado North', NULL, NULL),
	(568, 28, 'Egbado South', NULL, NULL),
	(569, 28, 'Ewekoro', NULL, NULL),
	(570, 28, 'Ifo', NULL, NULL),
	(571, 28, 'Ijebu East', NULL, NULL),
	(572, 28, 'Ijebu North', NULL, NULL),
	(573, 28, 'Ijebu North East', NULL, NULL),
	(574, 28, 'Ijebu Ode', NULL, NULL),
	(575, 28, 'Ikenne', NULL, NULL),
	(576, 28, 'Imeko Afon', NULL, NULL),
	(577, 28, 'Ipokia', NULL, NULL),
	(578, 28, 'Obafemi Owode', NULL, NULL),
	(579, 28, 'Odeda', NULL, NULL),
	(580, 28, 'Odogbolu', NULL, NULL),
	(581, 28, 'Ogun Waterside', NULL, NULL),
	(582, 28, 'Remo North', NULL, NULL),
	(583, 28, 'Shagamu', NULL, NULL),
	(584, 29, 'Akoko North-East', NULL, NULL),
	(585, 29, 'Akoko North-West', NULL, NULL),
	(586, 29, 'Akoko South-West', NULL, NULL),
	(587, 29, 'Akoko South-East', NULL, NULL),
	(588, 29, 'Akure North', NULL, NULL),
	(589, 29, 'Akure South', NULL, NULL),
	(590, 29, 'Ese Odo', NULL, NULL),
	(591, 29, 'Idanre', NULL, NULL),
	(592, 29, 'Ifedore', NULL, NULL),
	(593, 29, 'Ilaje', NULL, NULL),
	(594, 29, 'Ile Oluji/Okeigbo', NULL, NULL),
	(595, 29, 'Irele', NULL, NULL),
	(596, 29, 'Odigbo', NULL, NULL),
	(597, 29, 'Okitipupa', NULL, NULL),
	(598, 29, 'Ondo East', NULL, NULL),
	(599, 29, 'Ondo West', NULL, NULL),
	(600, 29, 'Ose', NULL, NULL),
	(601, 29, 'Owo', NULL, NULL),
	(602, 30, 'Atakunmosa East', NULL, NULL),
	(603, 30, 'Atakunmosa West', NULL, NULL),
	(604, 30, 'Aiyedaade', NULL, NULL),
	(605, 30, 'Aiyedire', NULL, NULL),
	(606, 30, 'Boluwaduro', NULL, NULL),
	(607, 30, 'Boripe', NULL, NULL),
	(608, 30, 'Ede North', NULL, NULL),
	(609, 30, 'Ede South', NULL, NULL),
	(610, 30, 'Ife Central', NULL, NULL),
	(611, 30, 'Ife East', NULL, NULL),
	(612, 30, 'Ife North', NULL, NULL),
	(613, 30, 'Ife South', NULL, NULL),
	(614, 30, 'Egbedore', NULL, NULL),
	(615, 30, 'Ejigbo', NULL, NULL),
	(616, 30, 'Ifedayo', NULL, NULL),
	(617, 30, 'Ifelodun', NULL, NULL),
	(618, 30, 'Ila', NULL, NULL),
	(619, 30, 'Ilesa East', NULL, NULL),
	(620, 30, 'Ilesa West', NULL, NULL),
	(621, 30, 'Irepodun', NULL, NULL),
	(622, 30, 'Irewole', NULL, NULL),
	(623, 30, 'Isokan', NULL, NULL),
	(624, 30, 'Iwo', NULL, NULL),
	(625, 30, 'Obokun', NULL, NULL),
	(626, 30, 'Odo Otin', NULL, NULL),
	(627, 30, 'Ola Oluwa', NULL, NULL),
	(628, 30, 'Olorunda', NULL, NULL),
	(629, 30, 'Oriade', NULL, NULL),
	(630, 30, 'Orolu', NULL, NULL),
	(631, 30, 'Osogbo', NULL, NULL),
	(632, 31, 'Afijio', NULL, NULL),
	(633, 31, 'Akinyele', NULL, NULL),
	(634, 31, 'Atiba', NULL, NULL),
	(635, 31, 'Atisbo', NULL, NULL),
	(636, 31, 'Egbeda', NULL, NULL),
	(637, 31, 'Ibadan North', NULL, NULL),
	(638, 31, 'Ibadan North-East', NULL, NULL),
	(639, 31, 'Ibadan North-West', NULL, NULL),
	(640, 31, 'Ibadan South-East', NULL, NULL),
	(641, 31, 'Ibadan South-West', NULL, NULL),
	(642, 31, 'Ibarapa Central', NULL, NULL),
	(643, 31, 'Ibarapa East', NULL, NULL),
	(644, 31, 'Ibarapa North', NULL, NULL),
	(645, 31, 'Ido', NULL, NULL),
	(646, 31, 'Irepo', NULL, NULL),
	(647, 31, 'Iseyin', NULL, NULL),
	(648, 31, 'Itesiwaju', NULL, NULL),
	(649, 31, 'Iwajowa', NULL, NULL),
	(650, 31, 'Kajola', NULL, NULL),
	(651, 31, 'Lagelu', NULL, NULL),
	(652, 31, 'Ogbomosho North', NULL, NULL),
	(653, 31, 'Ogbomosho South', NULL, NULL),
	(654, 31, 'Ogo Oluwa', NULL, NULL),
	(655, 31, 'Olorunsogo', NULL, NULL),
	(656, 31, 'Oluyole', NULL, NULL),
	(657, 31, 'Ona Ara', NULL, NULL),
	(658, 31, 'Orelope', NULL, NULL),
	(659, 31, 'Ori Ire', NULL, NULL),
	(660, 31, 'Oyo', NULL, NULL),
	(661, 31, 'Oyo East', NULL, NULL),
	(662, 31, 'Saki East', NULL, NULL),
	(663, 31, 'Saki West', NULL, NULL),
	(664, 31, 'Surulere, Oyo State', NULL, NULL),
	(665, 32, 'Bokkos', NULL, NULL),
	(666, 32, 'Barkin Ladi', NULL, NULL),
	(667, 32, 'Bassa', NULL, NULL),
	(668, 32, 'Jos East', NULL, NULL),
	(669, 32, 'Jos North', NULL, NULL),
	(670, 32, 'Jos South', NULL, NULL),
	(671, 32, 'Kanam', NULL, NULL),
	(672, 32, 'Kanke', NULL, NULL),
	(673, 32, 'Langtang South', NULL, NULL),
	(674, 32, 'Langtang North', NULL, NULL),
	(675, 32, 'Mangu', NULL, NULL),
	(676, 32, 'Mikang', NULL, NULL),
	(677, 32, 'Pankshin', NULL, NULL),
	(678, 32, 'Qua\'an Pan', NULL, NULL),
	(679, 32, 'Riyom', NULL, NULL),
	(680, 32, 'Shendam', NULL, NULL),
	(681, 32, 'Wase', NULL, NULL),
	(682, 33, 'Abua/Odual', NULL, NULL),
	(683, 33, 'Ahoada East', NULL, NULL),
	(684, 33, 'Ahoada West', NULL, NULL),
	(685, 33, 'Akuku-Toru', NULL, NULL),
	(686, 33, 'Andoni', NULL, NULL),
	(687, 33, 'Asari-Toru', NULL, NULL),
	(688, 33, 'Bonny', NULL, NULL),
	(689, 33, 'Degema', NULL, NULL),
	(690, 33, 'Eleme', NULL, NULL),
	(691, 33, 'Emuoha', NULL, NULL),
	(692, 33, 'Etche', NULL, NULL),
	(693, 33, 'Gokana', NULL, NULL),
	(694, 33, 'Ikwerre', NULL, NULL),
	(695, 33, 'Khana', NULL, NULL),
	(696, 33, 'Obio/Akpor', NULL, NULL),
	(697, 33, 'Ogba/Egbema/Ndoni', NULL, NULL),
	(698, 33, 'Ogu/Bolo', NULL, NULL),
	(699, 33, 'Okrika', NULL, NULL),
	(700, 33, 'Omuma', NULL, NULL),
	(701, 33, 'Opobo/Nkoro', NULL, NULL),
	(702, 33, 'Oyigbo', NULL, NULL),
	(703, 33, 'Port Harcourt', NULL, NULL),
	(704, 33, 'Tai', NULL, NULL),
	(705, 34, 'Binji', NULL, NULL),
	(706, 34, 'Bodinga', NULL, NULL),
	(707, 34, 'Dange Shuni', NULL, NULL),
	(708, 34, 'Gada', NULL, NULL),
	(709, 34, 'Goronyo', NULL, NULL),
	(710, 34, 'Gudu', NULL, NULL),
	(711, 34, 'Gwadabawa', NULL, NULL),
	(712, 34, 'Illela', NULL, NULL),
	(713, 34, 'Isa', NULL, NULL),
	(714, 34, 'Kebbe', NULL, NULL),
	(715, 34, 'Kware', NULL, NULL),
	(716, 34, 'Rabah', NULL, NULL),
	(717, 34, 'Sabon Birni', NULL, NULL),
	(718, 34, 'Shagari', NULL, NULL),
	(719, 34, 'Silame', NULL, NULL),
	(720, 34, 'Sokoto North', NULL, NULL),
	(721, 34, 'Sokoto South', NULL, NULL),
	(722, 34, 'Tambuwal', NULL, NULL),
	(723, 34, 'Tangaza', NULL, NULL),
	(724, 34, 'Tureta', NULL, NULL),
	(725, 34, 'Wamako', NULL, NULL),
	(726, 34, 'Wurno', NULL, NULL),
	(727, 34, 'Yabo', NULL, NULL),
	(728, 35, 'Ardo Kola', NULL, NULL),
	(729, 35, 'Bali', NULL, NULL),
	(730, 35, 'Donga', NULL, NULL),
	(731, 35, 'Gashaka', NULL, NULL),
	(732, 35, 'Gassol', NULL, NULL),
	(733, 35, 'Ibi', NULL, NULL),
	(734, 35, 'Jalingo', NULL, NULL),
	(735, 35, 'Karim Lamido', NULL, NULL),
	(736, 35, 'Kumi', NULL, NULL),
	(737, 35, 'Lau', NULL, NULL),
	(738, 35, 'Sardauna', NULL, NULL),
	(739, 35, 'Takum', NULL, NULL),
	(740, 35, 'Ussa', NULL, NULL),
	(741, 35, 'Wukari', NULL, NULL),
	(742, 35, 'Yorro', NULL, NULL),
	(743, 35, 'Zing', NULL, NULL),
	(744, 36, 'Bade', NULL, NULL),
	(745, 36, 'Bursari', NULL, NULL),
	(746, 36, 'Damaturu', NULL, NULL),
	(747, 36, 'Fika', NULL, NULL),
	(748, 36, 'Fune', NULL, NULL),
	(749, 36, 'Geidam', NULL, NULL),
	(750, 36, 'Gujba', NULL, NULL),
	(751, 36, 'Gulani', NULL, NULL),
	(752, 36, 'Jakusko', NULL, NULL),
	(753, 36, 'Karasuwa', NULL, NULL),
	(754, 36, 'Machina', NULL, NULL),
	(755, 36, 'Nangere', NULL, NULL),
	(756, 36, 'Nguru', NULL, NULL),
	(757, 36, 'Potiskum', NULL, NULL),
	(758, 36, 'Tarmuwa', NULL, NULL),
	(759, 36, 'Yunusari', NULL, NULL),
	(760, 36, 'Yusufari', NULL, NULL),
	(761, 37, 'Anka', NULL, NULL),
	(762, 37, 'Bakura', NULL, NULL),
	(763, 37, 'Birnin Magaji/Kiyaw', NULL, NULL),
	(764, 37, 'Bukkuyum', NULL, NULL),
	(765, 37, 'Bungudu', NULL, NULL),
	(766, 37, 'Gummi', NULL, NULL),
	(767, 37, 'Gusau', NULL, NULL),
	(768, 37, 'Kaura Namoda', NULL, NULL),
	(769, 37, 'Maradun', NULL, NULL),
	(770, 37, 'Maru', NULL, NULL),
	(771, 37, 'Shinkafi', NULL, NULL),
	(772, 37, 'Talata Mafara', NULL, NULL),
	(773, 37, 'Chafe', NULL, NULL),
	(774, 37, 'Zurmi', NULL, NULL);
/*!40000 ALTER TABLE `lgas` ENABLE KEYS */;

-- Dumping structure for table dhsn_sms.mail_blasts
CREATE TABLE IF NOT EXISTS `mail_blasts` (
  `id` bigint(20) unsigned NOT NULL AUTO_INCREMENT,
  `subject` varchar(255) COLLATE utf8mb4_unicode_ci NOT NULL,
  `message` longtext COLLATE utf8mb4_unicode_ci NOT NULL,
  `created_at` timestamp NULL DEFAULT NULL,
  `updated_at` timestamp NULL DEFAULT NULL,
  PRIMARY KEY (`id`)
) ENGINE=InnoDB DEFAULT CHARSET=utf8mb4 COLLATE=utf8mb4_unicode_ci;

-- Dumping data for table dhsn_sms.mail_blasts: ~0 rows (approximately)
/*!40000 ALTER TABLE `mail_blasts` DISABLE KEYS */;
/*!40000 ALTER TABLE `mail_blasts` ENABLE KEYS */;

-- Dumping structure for table dhsn_sms.migrations
CREATE TABLE IF NOT EXISTS `migrations` (
  `id` int(10) unsigned NOT NULL AUTO_INCREMENT,
  `migration` varchar(255) COLLATE utf8mb4_unicode_ci NOT NULL,
  `batch` int(11) NOT NULL,
  PRIMARY KEY (`id`)
) ENGINE=InnoDB AUTO_INCREMENT=28 DEFAULT CHARSET=utf8mb4 COLLATE=utf8mb4_unicode_ci;

-- Dumping data for table dhsn_sms.migrations: ~27 rows (approximately)
/*!40000 ALTER TABLE `migrations` DISABLE KEYS */;
INSERT INTO `migrations` (`id`, `migration`, `batch`) VALUES
	(1, '2014_10_12_000000_create_users_table', 1),
	(2, '2014_10_12_100000_create_password_resets_table', 1),
	(3, '2019_08_19_000000_create_failed_jobs_table', 1),
	(4, '2021_03_23_121047_create_roles_table', 1),
	(5, '2021_03_23_121257_role_user', 1),
	(6, '2021_03_23_121425_create_states_table', 1),
	(7, '2021_03_23_121507_create_lgas_table', 1),
	(8, '2021_03_23_121749_create_levels_table', 1),
	(9, '2021_03_23_121915_create_notifications_table', 1),
	(10, '2021_03_23_125316_create_guardians_table', 1),
	(11, '2021_03_23_133303_create_arms_table', 1),
	(12, '2021_03_23_133311_create_students_table', 1),
	(13, '2021_03_23_133336_create_teachers_table', 1),
	(14, '2021_03_26_113155_create_mail_blasts_table', 1),
	(15, '2021_03_27_064050_create_admins_table', 1),
	(16, '2021_03_29_204237_create_complains_table', 1),
	(17, '2021_03_29_222122_create_subjects_table', 1),
	(18, '2021_03_29_222551_create_level_subjects_table', 1),
	(19, '2021_04_10_145056_create_sections_table', 2),
	(20, '2021_04_10_145211_create_terms_table', 2),
	(21, '2021_04_10_146842_create_results_table', 2),
	(22, '2021_04_10_165258_add_status_to_sections', 2),
	(23, '2021_04_10_165315_add_status_to_terms', 2),
	(24, '2021_04_11_035452_create_fees_table', 2),
	(25, '2021_04_15_071931_create_promotions_table', 3),
	(26, '2021_04_15_081651_create_payments_table', 3),
	(27, '2021_04_18_141727_add_ca_score_to_results', 4);
/*!40000 ALTER TABLE `migrations` ENABLE KEYS */;

-- Dumping structure for table dhsn_sms.notifications
CREATE TABLE IF NOT EXISTS `notifications` (
  `id` bigint(20) unsigned NOT NULL AUTO_INCREMENT,
  `title` varchar(255) COLLATE utf8mb4_unicode_ci NOT NULL,
  `body` longtext COLLATE utf8mb4_unicode_ci NOT NULL,
  `role_id` bigint(20) unsigned NOT NULL,
  `deleted_at` timestamp NULL DEFAULT NULL,
  `created_at` timestamp NULL DEFAULT NULL,
  `updated_at` timestamp NULL DEFAULT NULL,
  PRIMARY KEY (`id`),
  KEY `notifications_role_id_foreign` (`role_id`),
  CONSTRAINT `notifications_role_id_foreign` FOREIGN KEY (`role_id`) REFERENCES `roles` (`id`)
) ENGINE=InnoDB DEFAULT CHARSET=utf8mb4 COLLATE=utf8mb4_unicode_ci;

-- Dumping data for table dhsn_sms.notifications: ~0 rows (approximately)
/*!40000 ALTER TABLE `notifications` DISABLE KEYS */;
/*!40000 ALTER TABLE `notifications` ENABLE KEYS */;

-- Dumping structure for table dhsn_sms.password_resets
CREATE TABLE IF NOT EXISTS `password_resets` (
  `email` varchar(255) COLLATE utf8mb4_unicode_ci NOT NULL,
  `token` varchar(255) COLLATE utf8mb4_unicode_ci NOT NULL,
  `created_at` timestamp NULL DEFAULT NULL,
  KEY `password_resets_email_index` (`email`)
) ENGINE=InnoDB DEFAULT CHARSET=utf8mb4 COLLATE=utf8mb4_unicode_ci;

-- Dumping data for table dhsn_sms.password_resets: ~0 rows (approximately)
/*!40000 ALTER TABLE `password_resets` DISABLE KEYS */;
/*!40000 ALTER TABLE `password_resets` ENABLE KEYS */;

-- Dumping structure for table dhsn_sms.payments
CREATE TABLE IF NOT EXISTS `payments` (
  `id` bigint(20) unsigned NOT NULL AUTO_INCREMENT,
  `student_id` varchar(255) COLLATE utf8mb4_unicode_ci NOT NULL,
  `trans_ref` varchar(255) COLLATE utf8mb4_unicode_ci NOT NULL,
  `term_id` bigint(20) unsigned NOT NULL,
  `amount` varchar(255) COLLATE utf8mb4_unicode_ci NOT NULL,
  `guardian_id` bigint(20) unsigned NOT NULL,
  `status` varchar(255) COLLATE utf8mb4_unicode_ci NOT NULL,
  `created_at` timestamp NULL DEFAULT NULL,
  `updated_at` timestamp NULL DEFAULT NULL,
  PRIMARY KEY (`id`),
  UNIQUE KEY `payments_trans_ref_unique` (`trans_ref`),
  KEY `payments_term_id_foreign` (`term_id`),
  KEY `payments_student_id_foreign` (`student_id`),
  KEY `payments_guardian_id_foreign` (`guardian_id`),
  CONSTRAINT `payments_guardian_id_foreign` FOREIGN KEY (`guardian_id`) REFERENCES `guardians` (`id`),
  CONSTRAINT `payments_student_id_foreign` FOREIGN KEY (`student_id`) REFERENCES `students` (`student_id`) ON DELETE CASCADE,
  CONSTRAINT `payments_term_id_foreign` FOREIGN KEY (`term_id`) REFERENCES `terms` (`id`) ON DELETE CASCADE
) ENGINE=InnoDB DEFAULT CHARSET=utf8mb4 COLLATE=utf8mb4_unicode_ci;

-- Dumping data for table dhsn_sms.payments: ~0 rows (approximately)
/*!40000 ALTER TABLE `payments` DISABLE KEYS */;
/*!40000 ALTER TABLE `payments` ENABLE KEYS */;

-- Dumping structure for table dhsn_sms.promotions
CREATE TABLE IF NOT EXISTS `promotions` (
  `id` bigint(20) unsigned NOT NULL AUTO_INCREMENT,
  `student_id` varchar(255) COLLATE utf8mb4_unicode_ci NOT NULL,
  `from` bigint(20) unsigned NOT NULL,
  `to` bigint(20) unsigned NOT NULL,
  `section_id` bigint(20) unsigned NOT NULL,
  `teacher_id` varchar(255) COLLATE utf8mb4_unicode_ci NOT NULL,
  `created_at` timestamp NULL DEFAULT NULL,
  `updated_at` timestamp NULL DEFAULT NULL,
  PRIMARY KEY (`id`),
  KEY `promotions_teacher_id_foreign` (`teacher_id`),
  KEY `promotions_section_id_foreign` (`section_id`),
  KEY `promotions_from_foreign` (`from`),
  KEY `promotions_to_foreign` (`to`),
  KEY `promotions_student_id_foreign` (`student_id`),
  CONSTRAINT `promotions_from_foreign` FOREIGN KEY (`from`) REFERENCES `levels` (`id`) ON DELETE CASCADE,
  CONSTRAINT `promotions_section_id_foreign` FOREIGN KEY (`section_id`) REFERENCES `sections` (`id`) ON DELETE CASCADE,
  CONSTRAINT `promotions_student_id_foreign` FOREIGN KEY (`student_id`) REFERENCES `students` (`student_id`) ON DELETE CASCADE,
  CONSTRAINT `promotions_teacher_id_foreign` FOREIGN KEY (`teacher_id`) REFERENCES `teachers` (`teacher_id`) ON DELETE CASCADE,
  CONSTRAINT `promotions_to_foreign` FOREIGN KEY (`to`) REFERENCES `levels` (`id`) ON DELETE CASCADE
) ENGINE=InnoDB DEFAULT CHARSET=utf8mb4 COLLATE=utf8mb4_unicode_ci;

-- Dumping data for table dhsn_sms.promotions: ~0 rows (approximately)
/*!40000 ALTER TABLE `promotions` DISABLE KEYS */;
/*!40000 ALTER TABLE `promotions` ENABLE KEYS */;

-- Dumping structure for table dhsn_sms.results
CREATE TABLE IF NOT EXISTS `results` (
  `id` bigint(20) unsigned NOT NULL AUTO_INCREMENT,
  `student_id` varchar(255) COLLATE utf8mb4_unicode_ci NOT NULL,
  `ca_score` int(11) DEFAULT NULL,
  `exam_score` decimal(10,0) DEFAULT '0',
  `term_id` bigint(20) unsigned DEFAULT NULL,
  `subject_id` bigint(20) unsigned DEFAULT NULL,
  `level_id` bigint(20) unsigned DEFAULT NULL,
  `session_id` bigint(20) unsigned DEFAULT NULL,
  `created_at` timestamp NULL DEFAULT NULL,
  `updated_at` timestamp NULL DEFAULT NULL,
  PRIMARY KEY (`id`),
  KEY `results_term_id_foreign` (`term_id`),
  KEY `results_subject_id_foreign` (`subject_id`),
  KEY `results_level_id_foreign` (`level_id`),
  KEY `results_student_id_foreign` (`student_id`),
  KEY `results_session_id_foreign` (`session_id`),
  CONSTRAINT `results_level_id_foreign` FOREIGN KEY (`level_id`) REFERENCES `levels` (`id`) ON DELETE CASCADE,
  CONSTRAINT `results_session_id_foreign` FOREIGN KEY (`session_id`) REFERENCES `sections` (`id`) ON DELETE CASCADE,
  CONSTRAINT `results_student_id_foreign` FOREIGN KEY (`student_id`) REFERENCES `students` (`student_id`) ON DELETE CASCADE,
  CONSTRAINT `results_subject_id_foreign` FOREIGN KEY (`subject_id`) REFERENCES `subjects` (`id`) ON DELETE CASCADE,
  CONSTRAINT `results_term_id_foreign` FOREIGN KEY (`term_id`) REFERENCES `terms` (`id`) ON DELETE CASCADE
) ENGINE=InnoDB AUTO_INCREMENT=777 DEFAULT CHARSET=utf8mb4 COLLATE=utf8mb4_unicode_ci;

-- Dumping data for table dhsn_sms.results: ~776 rows (approximately)
/*!40000 ALTER TABLE `results` DISABLE KEYS */;
INSERT INTO `results` (`id`, `student_id`, `ca_score`, `exam_score`, `term_id`, `subject_id`, `level_id`, `session_id`, `created_at`, `updated_at`) VALUES
	(1, 'STD/00000', 17, 30, 1, 35, 1, 1, '2021-05-03 11:54:33', '2021-05-03 11:54:33'),
	(2, 'STD/00001', 25, 45, 1, 35, 1, 1, '2021-05-03 11:54:33', '2021-05-03 11:54:33'),
	(3, 'STD/00002', 33, 50, 1, 35, 1, 1, '2021-05-03 11:54:33', '2021-05-03 11:54:33'),
	(4, 'STD/00003', 32, 51, 1, 35, 1, 1, '2021-05-03 11:54:33', '2021-05-03 11:54:33'),
	(5, 'STD/00004', 19, 44, 1, 35, 1, 1, '2021-05-03 11:54:33', '2021-05-03 11:54:33'),
	(6, 'STD/00005', 19, 34, 1, 35, 1, 1, '2021-05-03 11:54:33', '2021-05-03 11:54:33'),
	(7, 'STD/00006', 15, 37, 1, 35, 1, 1, '2021-05-03 11:54:33', '2021-05-03 11:54:33'),
	(8, 'STD/00007', 17, 32, 1, 35, 1, 1, '2021-05-03 11:54:33', '2021-05-03 11:54:33'),
	(9, 'STD/00008', 17, 33, 1, 35, 1, 1, '2021-05-03 11:54:33', '2021-05-03 11:54:33'),
	(10, 'STD/00009', 17, 30, 1, 35, 1, 1, '2021-05-03 11:54:33', '2021-05-03 11:54:33'),
	(11, 'STD/00010', 15, 28, 1, 35, 1, 1, '2021-05-03 11:54:33', '2021-05-03 11:54:33'),
	(12, 'STD/00011', 14, 32, 1, 35, 1, 1, '2021-05-03 11:54:33', '2021-05-03 11:54:33'),
	(13, 'STD/00021', 19, 45, 1, 35, 1, 1, '2021-05-03 11:54:33', '2021-05-03 11:54:33'),
	(14, 'STD/00013', 20, 39, 1, 35, 1, 1, '2021-05-03 11:54:33', '2021-05-03 11:54:33'),
	(15, 'STD/00014', 19, 29, 1, 35, 1, 1, '2021-05-03 11:54:33', '2021-05-03 11:54:33'),
	(16, 'STD/00015', 25, 46, 1, 35, 1, 1, '2021-05-03 11:54:33', '2021-05-03 11:54:33'),
	(17, 'STD/00016', 15, 33, 1, 35, 1, 1, '2021-05-03 11:54:33', '2021-05-03 11:54:33'),
	(18, 'STD/00017', 15, 36, 1, 35, 1, 1, '2021-05-03 11:54:33', '2021-05-03 11:54:33'),
	(19, 'STD/00012', 20, 32, 1, 35, 1, 1, '2021-05-03 11:54:33', '2021-05-03 11:54:33'),
	(20, 'STD/00018', 18, 23, 1, 35, 1, 1, '2021-05-03 11:54:33', '2021-05-03 11:54:33'),
	(21, 'STD/00019', 23, 40, 1, 35, 1, 1, '2021-05-03 11:54:33', '2021-05-03 11:54:33'),
	(22, 'STD/00020', 27, 46, 1, 35, 1, 1, '2021-05-03 11:54:33', '2021-05-03 11:54:33'),
	(23, 'STD/00000', 39, 60, 1, 33, 1, 1, '2021-05-03 18:40:20', '2021-05-03 18:40:20'),
	(24, 'STD/00001', 37, 45, 1, 33, 1, 1, '2021-05-03 18:40:20', '2021-05-03 18:40:20'),
	(25, 'STD/00002', 35, 51, 1, 33, 1, 1, '2021-05-03 18:40:20', '2021-05-03 18:40:20'),
	(26, 'STD/00003', 32, 54, 1, 33, 1, 1, '2021-05-03 18:40:20', '2021-05-03 18:40:20'),
	(27, 'STD/00004', 39, 45, 1, 33, 1, 1, '2021-05-03 18:40:20', '2021-05-03 18:40:20'),
	(28, 'STD/00005', 38, 60, 1, 33, 1, 1, '2021-05-03 18:40:20', '2021-05-03 18:40:20'),
	(29, 'STD/00006', 38, 51, 1, 33, 1, 1, '2021-05-03 18:40:20', '2021-05-03 18:40:20'),
	(30, 'STD/00007', 31, 38, 1, 33, 1, 1, '2021-05-03 18:40:20', '2021-05-03 18:40:20'),
	(31, 'STD/00008', 38, 60, 1, 33, 1, 1, '2021-05-03 18:40:20', '2021-05-03 18:40:20'),
	(32, 'STD/00009', 37, 54, 1, 33, 1, 1, '2021-05-03 18:40:20', '2021-05-03 18:40:20'),
	(33, 'STD/00010', 33, 60, 1, 33, 1, 1, '2021-05-03 18:40:20', '2021-05-03 18:40:20'),
	(34, 'STD/00011', 34, 60, 1, 33, 1, 1, '2021-05-03 18:40:20', '2021-05-03 18:40:20'),
	(35, 'STD/00021', 33, 51, 1, 33, 1, 1, '2021-05-03 18:40:20', '2021-05-03 18:40:20'),
	(36, 'STD/00013', 33, 51, 1, 33, 1, 1, '2021-05-03 18:40:20', '2021-05-03 18:40:20'),
	(37, 'STD/00014', 34, 57, 1, 33, 1, 1, '2021-05-03 18:40:20', '2021-05-03 18:40:20'),
	(38, 'STD/00015', 37, 48, 1, 33, 1, 1, '2021-05-03 18:40:20', '2021-05-03 18:40:20'),
	(39, 'STD/00016', 30, 36, 1, 33, 1, 1, '2021-05-03 18:40:20', '2021-05-03 18:40:20'),
	(40, 'STD/00017', 32, 51, 1, 33, 1, 1, '2021-05-03 18:40:20', '2021-05-03 18:40:20'),
	(41, 'STD/00012', 35, 60, 1, 33, 1, 1, '2021-05-03 18:40:20', '2021-05-03 18:40:20'),
	(42, 'STD/00018', 38, 27, 1, 33, 1, 1, '2021-05-03 18:40:20', '2021-05-03 18:40:20'),
	(43, 'STD/00019', 37, 42, 1, 33, 1, 1, '2021-05-03 18:40:20', '2021-05-03 18:40:20'),
	(44, 'STD/00020', 37, 60, 1, 33, 1, 1, '2021-05-03 18:40:20', '2021-05-03 18:40:20'),
	(45, 'STD/00000', 20, 7, 1, 43, 1, 1, '2021-05-03 18:40:37', '2021-05-03 18:40:37'),
	(46, 'STD/00001', 21, 20, 1, 43, 1, 1, '2021-05-03 18:40:37', '2021-05-03 18:40:37'),
	(47, 'STD/00002', 20, 14, 1, 43, 1, 1, '2021-05-03 18:40:37', '2021-05-03 18:40:37'),
	(48, 'STD/00003', 21, 18, 1, 43, 1, 1, '2021-05-03 18:40:37', '2021-05-03 18:40:37'),
	(49, 'STD/00004', 23, 46, 1, 43, 1, 1, '2021-05-03 18:40:37', '2021-05-03 18:40:37'),
	(50, 'STD/00005', 25, 20, 1, 43, 1, 1, '2021-05-03 18:40:37', '2021-05-03 18:40:37'),
	(51, 'STD/00006', 22, 21, 1, 43, 1, 1, '2021-05-03 18:40:37', '2021-05-03 18:40:37'),
	(52, 'STD/00007', 20, 6, 1, 43, 1, 1, '2021-05-03 18:40:37', '2021-05-03 18:40:37'),
	(53, 'STD/00008', 23, 39, 1, 43, 1, 1, '2021-05-03 18:40:37', '2021-05-03 18:40:37'),
	(54, 'STD/00009', 21, 15, 1, 43, 1, 1, '2021-05-03 18:40:37', '2021-05-03 18:40:37'),
	(55, 'STD/00010', 23, 46, 1, 43, 1, 1, '2021-05-03 18:40:37', '2021-05-03 18:40:37'),
	(56, 'STD/00011', 22, 28, 1, 43, 1, 1, '2021-05-03 18:40:37', '2021-05-03 18:40:37'),
	(57, 'STD/00021', 20, 12, 1, 43, 1, 1, '2021-05-03 18:40:37', '2021-05-03 18:40:37'),
	(58, 'STD/00013', 22, 24, 1, 43, 1, 1, '2021-05-03 18:40:37', '2021-05-03 18:40:37'),
	(59, 'STD/00014', 23, 28, 1, 43, 1, 1, '2021-05-03 18:40:37', '2021-05-03 18:40:37'),
	(60, 'STD/00015', 23, 35, 1, 43, 1, 1, '2021-05-03 18:40:37', '2021-05-03 18:40:37'),
	(61, 'STD/00016', 22, 35, 1, 43, 1, 1, '2021-05-03 18:40:37', '2021-05-03 18:40:37'),
	(62, 'STD/00017', 20, 13, 1, 43, 1, 1, '2021-05-03 18:40:37', '2021-05-03 18:40:37'),
	(63, 'STD/00012', 20, 15, 1, 43, 1, 1, '2021-05-03 18:40:37', '2021-05-03 18:40:37'),
	(64, 'STD/00018', 21, 44, 1, 43, 1, 1, '2021-05-03 18:40:37', '2021-05-03 18:40:37'),
	(65, 'STD/00019', 23, 25, 1, 43, 1, 1, '2021-05-03 18:40:37', '2021-05-03 18:40:37'),
	(66, 'STD/00020', 22, 35, 1, 43, 1, 1, '2021-05-03 18:40:37', '2021-05-03 18:40:37'),
	(67, 'STD/00000', 23, 27, 1, 27, 1, 1, '2021-05-03 18:40:56', '2021-05-03 18:40:56'),
	(68, 'STD/00001', 21, 22, 1, 27, 1, 1, '2021-05-03 18:40:56', '2021-05-03 18:40:56'),
	(69, 'STD/00002', 21, 41, 1, 27, 1, 1, '2021-05-03 18:40:56', '2021-05-03 18:40:56'),
	(70, 'STD/00003', 21, 24, 1, 27, 1, 1, '2021-05-03 18:40:56', '2021-05-03 18:40:56'),
	(71, 'STD/00004', 25, 35, 1, 27, 1, 1, '2021-05-03 18:40:56', '2021-05-03 18:40:56'),
	(72, 'STD/00005', 20, 20, 1, 27, 1, 1, '2021-05-03 18:40:56', '2021-05-03 18:40:56'),
	(73, 'STD/00006', 20, 44, 1, 27, 1, 1, '2021-05-03 18:40:56', '2021-05-03 18:40:56'),
	(74, 'STD/00007', 22, 36, 1, 27, 1, 1, '2021-05-03 18:40:56', '2021-05-03 18:40:56'),
	(75, 'STD/00008', 23, 36, 1, 27, 1, 1, '2021-05-03 18:40:56', '2021-05-03 18:40:56'),
	(76, 'STD/00009', 27, 44, 1, 27, 1, 1, '2021-05-03 18:40:56', '2021-05-03 18:40:56'),
	(77, 'STD/00010', 21, 38, 1, 27, 1, 1, '2021-05-03 18:40:56', '2021-05-03 18:40:56'),
	(78, 'STD/00011', 25, 35, 1, 27, 1, 1, '2021-05-03 18:40:56', '2021-05-03 18:40:56'),
	(79, 'STD/00021', 22, 42, 1, 27, 1, 1, '2021-05-03 18:40:56', '2021-05-03 18:40:56'),
	(80, 'STD/00013', 23, 45, 1, 27, 1, 1, '2021-05-03 18:40:56', '2021-05-03 18:40:56'),
	(81, 'STD/00014', 27, 30, 1, 27, 1, 1, '2021-05-03 18:40:56', '2021-05-03 18:40:56'),
	(82, 'STD/00015', 21, 36, 1, 27, 1, 1, '2021-05-03 18:40:56', '2021-05-03 18:40:56'),
	(83, 'STD/00016', 26, 43, 1, 27, 1, 1, '2021-05-03 18:40:56', '2021-05-03 18:40:56'),
	(84, 'STD/00017', 23, 48, 1, 27, 1, 1, '2021-05-03 18:40:56', '2021-05-03 18:40:56'),
	(85, 'STD/00012', 22, 41, 1, 27, 1, 1, '2021-05-03 18:40:56', '2021-05-03 18:40:56'),
	(86, 'STD/00018', 13, 42, 1, 27, 1, 1, '2021-05-03 18:40:56', '2021-05-03 18:40:56'),
	(87, 'STD/00019', 20, 43, 1, 27, 1, 1, '2021-05-03 18:40:56', '2021-05-03 18:40:56'),
	(88, 'STD/00020', 24, 30, 1, 27, 1, 1, '2021-05-03 18:40:56', '2021-05-03 18:40:56'),
	(89, 'STD/00000', 27, 47, 1, 28, 1, 1, '2021-05-03 18:41:13', '2021-05-03 18:41:13'),
	(90, 'STD/00001', 32, 45, 1, 28, 1, 1, '2021-05-03 18:41:13', '2021-05-03 18:41:13'),
	(91, 'STD/00002', 28, 50, 1, 28, 1, 1, '2021-05-03 18:41:14', '2021-05-03 18:41:14'),
	(92, 'STD/00003', 30, 43, 1, 28, 1, 1, '2021-05-03 18:41:14', '2021-05-03 18:41:14'),
	(93, 'STD/00004', 32, 38, 1, 28, 1, 1, '2021-05-03 18:41:14', '2021-05-03 18:41:14'),
	(94, 'STD/00005', 26, 40, 1, 28, 1, 1, '2021-05-03 18:41:14', '2021-05-03 18:41:14'),
	(95, 'STD/00006', 30, 48, 1, 28, 1, 1, '2021-05-03 18:41:14', '2021-05-03 18:41:14'),
	(96, 'STD/00007', 27, 42, 1, 28, 1, 1, '2021-05-03 18:41:14', '2021-05-03 18:41:14'),
	(97, 'STD/00008', 32, 50, 1, 28, 1, 1, '2021-05-03 18:41:14', '2021-05-03 18:41:14'),
	(98, 'STD/00009', 15, 30, 1, 28, 1, 1, '2021-05-03 18:41:14', '2021-05-03 18:41:14'),
	(99, 'STD/00010', 20, 34, 1, 28, 1, 1, '2021-05-03 18:41:14', '2021-05-03 18:41:14'),
	(100, 'STD/00011', 22, 40, 1, 28, 1, 1, '2021-05-03 18:41:14', '2021-05-03 18:41:14'),
	(101, 'STD/00021', 23, 48, 1, 28, 1, 1, '2021-05-03 18:41:14', '2021-05-03 18:41:14'),
	(102, 'STD/00013', 30, 40, 1, 28, 1, 1, '2021-05-03 18:41:14', '2021-05-03 18:41:14'),
	(103, 'STD/00014', 27, 46, 1, 28, 1, 1, '2021-05-03 18:41:14', '2021-05-03 18:41:14'),
	(104, 'STD/00015', 28, 41, 1, 28, 1, 1, '2021-05-03 18:41:14', '2021-05-03 18:41:14'),
	(105, 'STD/00016', 25, 47, 1, 28, 1, 1, '2021-05-03 18:41:14', '2021-05-03 18:41:14'),
	(106, 'STD/00017', 25, 40, 1, 28, 1, 1, '2021-05-03 18:41:14', '2021-05-03 18:41:14'),
	(107, 'STD/00012', 25, 47, 1, 28, 1, 1, '2021-05-03 18:41:14', '2021-05-03 18:41:14'),
	(108, 'STD/00018', 22, 35, 1, 28, 1, 1, '2021-05-03 18:41:14', '2021-05-03 18:41:14'),
	(109, 'STD/00019', 28, 46, 1, 28, 1, 1, '2021-05-03 18:41:14', '2021-05-03 18:41:14'),
	(110, 'STD/00020', 30, 43, 1, 28, 1, 1, '2021-05-03 18:41:14', '2021-05-03 18:41:14'),
	(111, 'STD/00000', 25, 26, 1, 29, 1, 1, '2021-05-03 18:41:28', '2021-05-03 18:41:28'),
	(112, 'STD/00001', 21, 8, 1, 29, 1, 1, '2021-05-03 18:41:28', '2021-05-03 18:41:28'),
	(113, 'STD/00002', 29, 12, 1, 29, 1, 1, '2021-05-03 18:41:28', '2021-05-03 18:41:28'),
	(114, 'STD/00003', 25, 13, 1, 29, 1, 1, '2021-05-03 18:41:28', '2021-05-03 18:41:28'),
	(115, 'STD/00004', 20, 22, 1, 29, 1, 1, '2021-05-03 18:41:28', '2021-05-03 18:41:28'),
	(116, 'STD/00005', 23, 11, 1, 29, 1, 1, '2021-05-03 18:41:28', '2021-05-03 18:41:28'),
	(117, 'STD/00006', 28, 45, 1, 29, 1, 1, '2021-05-03 18:41:28', '2021-05-03 18:41:28'),
	(118, 'STD/00007', 22, 38, 1, 29, 1, 1, '2021-05-03 18:41:28', '2021-05-03 18:41:28'),
	(119, 'STD/00008', 35, 49, 1, 29, 1, 1, '2021-05-03 18:41:28', '2021-05-03 18:41:28'),
	(120, 'STD/00009', 36, 47, 1, 29, 1, 1, '2021-05-03 18:41:28', '2021-05-03 18:41:28'),
	(121, 'STD/00010', 23, 24, 1, 29, 1, 1, '2021-05-03 18:41:28', '2021-05-03 18:41:28'),
	(122, 'STD/00011', 18, 40, 1, 29, 1, 1, '2021-05-03 18:41:28', '2021-05-03 18:41:28'),
	(123, 'STD/00021', 35, 17, 1, 29, 1, 1, '2021-05-03 18:41:28', '2021-05-03 18:41:28'),
	(124, 'STD/00013', 38, 28, 1, 29, 1, 1, '2021-05-03 18:41:28', '2021-05-03 18:41:28'),
	(125, 'STD/00014', 23, 21, 1, 29, 1, 1, '2021-05-03 18:41:28', '2021-05-03 18:41:28'),
	(126, 'STD/00015', 25, 14, 1, 29, 1, 1, '2021-05-03 18:41:28', '2021-05-03 18:41:28'),
	(127, 'STD/00016', 29, 44, 1, 29, 1, 1, '2021-05-03 18:41:28', '2021-05-03 18:41:28'),
	(128, 'STD/00017', 33, 28, 1, 29, 1, 1, '2021-05-03 18:41:28', '2021-05-03 18:41:28'),
	(129, 'STD/00012', 31, 30, 1, 29, 1, 1, '2021-05-03 18:41:28', '2021-05-03 18:41:28'),
	(130, 'STD/00018', 35, 50, 1, 29, 1, 1, '2021-05-03 18:41:28', '2021-05-03 18:41:28'),
	(131, 'STD/00019', 20, 21, 1, 29, 1, 1, '2021-05-03 18:41:28', '2021-05-03 18:41:28'),
	(132, 'STD/00020', 32, 46, 1, 29, 1, 1, '2021-05-03 18:41:28', '2021-05-03 18:41:28'),
	(133, 'STD/00000', 22, 11, 1, 25, 1, 1, '2021-05-03 18:41:43', '2021-05-03 18:41:43'),
	(134, 'STD/00001', 28, 13, 1, 25, 1, 1, '2021-05-03 18:41:43', '2021-05-03 18:41:43'),
	(135, 'STD/00002', 28, 18, 1, 25, 1, 1, '2021-05-03 18:41:43', '2021-05-03 18:41:43'),
	(136, 'STD/00003', 25, 20, 1, 25, 1, 1, '2021-05-03 18:41:43', '2021-05-03 18:41:43'),
	(137, 'STD/00004', 25, 13, 1, 25, 1, 1, '2021-05-03 18:41:43', '2021-05-03 18:41:43'),
	(138, 'STD/00005', 28, 36, 1, 25, 1, 1, '2021-05-03 18:41:43', '2021-05-03 18:41:43'),
	(139, 'STD/00006', 33, 52, 1, 25, 1, 1, '2021-05-03 18:41:43', '2021-05-03 18:41:43'),
	(140, 'STD/00007', 12, 31, 1, 25, 1, 1, '2021-05-03 18:41:43', '2021-05-03 18:41:43'),
	(141, 'STD/00008', 33, 43, 1, 25, 1, 1, '2021-05-03 18:41:43', '2021-05-03 18:41:43'),
	(142, 'STD/00009', 33, 41, 1, 25, 1, 1, '2021-05-03 18:41:43', '2021-05-03 18:41:43'),
	(143, 'STD/00010', 33, 20, 1, 25, 1, 1, '2021-05-03 18:41:43', '2021-05-03 18:41:43'),
	(144, 'STD/00011', 15, 23, 1, 25, 1, 1, '2021-05-03 18:41:43', '2021-05-03 18:41:43'),
	(145, 'STD/00021', 33, 25, 1, 25, 1, 1, '2021-05-03 18:41:43', '2021-05-03 18:41:43'),
	(146, 'STD/00013', 33, 35, 1, 25, 1, 1, '2021-05-03 18:41:43', '2021-05-03 18:41:43'),
	(147, 'STD/00014', 30, 20, 1, 25, 1, 1, '2021-05-03 18:41:43', '2021-05-03 18:41:43'),
	(148, 'STD/00015', 23, 25, 1, 25, 1, 1, '2021-05-03 18:41:43', '2021-05-03 18:41:43'),
	(149, 'STD/00016', 33, 52, 1, 25, 1, 1, '2021-05-03 18:41:43', '2021-05-03 18:41:43'),
	(150, 'STD/00017', 33, 25, 1, 25, 1, 1, '2021-05-03 18:41:43', '2021-05-03 18:41:43'),
	(151, 'STD/00012', 28, 36, 1, 25, 1, 1, '2021-05-03 18:41:43', '2021-05-03 18:41:43'),
	(152, 'STD/00018', 28, 31, 1, 25, 1, 1, '2021-05-03 18:41:43', '2021-05-03 18:41:43'),
	(153, 'STD/00019', 25, 12, 1, 25, 1, 1, '2021-05-03 18:41:43', '2021-05-03 18:41:43'),
	(154, 'STD/00020', 28, 46, 1, 25, 1, 1, '2021-05-03 18:41:43', '2021-05-03 18:41:43'),
	(155, 'STD/00000', 16, 29, 1, 40, 1, 1, '2021-05-03 18:42:00', '2021-05-03 18:42:00'),
	(156, 'STD/00001', 10, 19, 1, 40, 1, 1, '2021-05-03 18:42:00', '2021-05-03 18:42:00'),
	(157, 'STD/00002', 19, 45, 1, 40, 1, 1, '2021-05-03 18:42:00', '2021-05-03 18:42:00'),
	(158, 'STD/00003', 14, 30, 1, 40, 1, 1, '2021-05-03 18:42:00', '2021-05-03 18:42:00'),
	(159, 'STD/00004', 25, 40, 1, 40, 1, 1, '2021-05-03 18:42:00', '2021-05-03 18:42:00'),
	(160, 'STD/00005', 39, 58, 1, 40, 1, 1, '2021-05-03 18:42:00', '2021-05-03 18:42:00'),
	(161, 'STD/00006', 22, 48, 1, 40, 1, 1, '2021-05-03 18:42:00', '2021-05-03 18:42:00'),
	(162, 'STD/00007', 12, 15, 1, 40, 1, 1, '2021-05-03 18:42:00', '2021-05-03 18:42:00'),
	(163, 'STD/00008', 10, 43, 1, 40, 1, 1, '2021-05-03 18:42:00', '2021-05-03 18:42:00'),
	(164, 'STD/00009', 9, 22, 1, 40, 1, 1, '2021-05-03 18:42:00', '2021-05-03 18:42:00'),
	(165, 'STD/00010', 40, 20, 1, 40, 1, 1, '2021-05-03 18:42:00', '2021-05-03 18:42:00'),
	(166, 'STD/00011', 11, 39, 1, 40, 1, 1, '2021-05-03 18:42:00', '2021-05-03 18:42:00'),
	(167, 'STD/00021', 9, 27, 1, 40, 1, 1, '2021-05-03 18:42:00', '2021-05-03 18:42:00'),
	(168, 'STD/00013', 10, 43, 1, 40, 1, 1, '2021-05-03 18:42:00', '2021-05-03 18:42:00'),
	(169, 'STD/00014', 17, 46, 1, 40, 1, 1, '2021-05-03 18:42:00', '2021-05-03 18:42:00'),
	(170, 'STD/00015', 18, 12, 1, 40, 1, 1, '2021-05-03 18:42:00', '2021-05-03 18:42:00'),
	(171, 'STD/00016', 15, 56, 1, 40, 1, 1, '2021-05-03 18:42:00', '2021-05-03 18:42:00'),
	(172, 'STD/00017', 20, 43, 1, 40, 1, 1, '2021-05-03 18:42:00', '2021-05-03 18:42:00'),
	(173, 'STD/00012', 20, 22, 1, 40, 1, 1, '2021-05-03 18:42:00', '2021-05-03 18:42:00'),
	(174, 'STD/00018', 18, 45, 1, 40, 1, 1, '2021-05-03 18:42:00', '2021-05-03 18:42:00'),
	(175, 'STD/00019', 9, 8, 1, 40, 1, 1, '2021-05-03 18:42:00', '2021-05-03 18:42:00'),
	(176, 'STD/00020', 12, 27, 1, 40, 1, 1, '2021-05-03 18:42:00', '2021-05-03 18:42:00'),
	(177, 'STD/00000', 13, 36, 1, 36, 1, 1, '2021-05-03 18:42:19', '2021-05-03 18:42:19'),
	(178, 'STD/00001', 30, 20, 1, 36, 1, 1, '2021-05-03 18:42:19', '2021-05-03 18:42:19'),
	(179, 'STD/00002', 35, 32, 1, 36, 1, 1, '2021-05-03 18:42:19', '2021-05-03 18:42:19'),
	(180, 'STD/00003', 34, 20, 1, 36, 1, 1, '2021-05-03 18:42:19', '2021-05-03 18:42:19'),
	(181, 'STD/00004', 40, 42, 1, 36, 1, 1, '2021-05-03 18:42:19', '2021-05-03 18:42:19'),
	(182, 'STD/00005', 40, 48, 1, 36, 1, 1, '2021-05-03 18:42:19', '2021-05-03 18:42:19'),
	(183, 'STD/00006', 35, 36, 1, 36, 1, 1, '2021-05-03 18:42:19', '2021-05-03 18:42:19'),
	(184, 'STD/00007', 25, 18, 1, 36, 1, 1, '2021-05-03 18:42:19', '2021-05-03 18:42:19'),
	(185, 'STD/00008', 39, 40, 1, 36, 1, 1, '2021-05-03 18:42:19', '2021-05-03 18:42:19'),
	(186, 'STD/00009', 32, 34, 1, 36, 1, 1, '2021-05-03 18:42:19', '2021-05-03 18:42:19'),
	(187, 'STD/00010', 40, 45, 1, 36, 1, 1, '2021-05-03 18:42:19', '2021-05-03 18:42:19'),
	(188, 'STD/00011', 35, 48, 1, 36, 1, 1, '2021-05-03 18:42:19', '2021-05-03 18:42:19'),
	(189, 'STD/00021', 39, 20, 1, 36, 1, 1, '2021-05-03 18:42:19', '2021-05-03 18:42:19'),
	(190, 'STD/00013', 38, 46, 1, 36, 1, 1, '2021-05-03 18:42:19', '2021-05-03 18:42:19'),
	(191, 'STD/00014', 31, 41, 1, 36, 1, 1, '2021-05-03 18:42:19', '2021-05-03 18:42:19'),
	(192, 'STD/00015', 40, 54, 1, 36, 1, 1, '2021-05-03 18:42:19', '2021-05-03 18:42:19'),
	(193, 'STD/00016', 0, 35, 1, 36, 1, 1, '2021-05-03 18:42:19', '2021-05-03 18:42:19'),
	(194, 'STD/00017', 36, 10, 1, 36, 1, 1, '2021-05-03 18:42:19', '2021-05-03 18:42:19'),
	(195, 'STD/00012', 36, 43, 1, 36, 1, 1, '2021-05-03 18:42:19', '2021-05-03 18:42:19'),
	(196, 'STD/00018', 40, 34, 1, 36, 1, 1, '2021-05-03 18:42:19', '2021-05-03 18:42:19'),
	(197, 'STD/00019', 32, 16, 1, 36, 1, 1, '2021-05-03 18:42:19', '2021-05-03 18:42:19'),
	(198, 'STD/00020', 37, 40, 1, 36, 1, 1, '2021-05-03 18:42:19', '2021-05-03 18:42:19'),
	(199, 'STD/00000', 25, 15, 1, 30, 1, 1, '2021-05-03 18:42:31', '2021-05-03 18:42:31'),
	(200, 'STD/00001', 9, 5, 1, 30, 1, 1, '2021-05-03 18:42:31', '2021-05-03 18:42:31'),
	(201, 'STD/00002', 28, 35, 1, 30, 1, 1, '2021-05-03 18:42:31', '2021-05-03 18:42:31'),
	(202, 'STD/00003', 28, 15, 1, 30, 1, 1, '2021-05-03 18:42:31', '2021-05-03 18:42:31'),
	(203, 'STD/00004', 32, 49, 1, 30, 1, 1, '2021-05-03 18:42:31', '2021-05-03 18:42:31'),
	(204, 'STD/00005', 22, 42, 1, 30, 1, 1, '2021-05-03 18:42:31', '2021-05-03 18:42:31'),
	(205, 'STD/00006', 33, 51, 1, 30, 1, 1, '2021-05-03 18:42:31', '2021-05-03 18:42:31'),
	(206, 'STD/00007', 23, 53, 1, 30, 1, 1, '2021-05-03 18:42:31', '2021-05-03 18:42:31'),
	(207, 'STD/00008', 32, 56, 1, 30, 1, 1, '2021-05-03 18:42:31', '2021-05-03 18:42:31'),
	(208, 'STD/00009', 30, 50, 1, 30, 1, 1, '2021-05-03 18:42:31', '2021-05-03 18:42:31'),
	(209, 'STD/00010', 1, 45, 1, 30, 1, 1, '2021-05-03 18:42:31', '2021-05-03 18:42:31'),
	(210, 'STD/00011', 26, 32, 1, 30, 1, 1, '2021-05-03 18:42:31', '2021-05-03 18:42:31'),
	(211, 'STD/00021', 15, 7, 1, 30, 1, 1, '2021-05-03 18:42:31', '2021-05-03 18:42:31'),
	(212, 'STD/00013', 23, 22, 1, 30, 1, 1, '2021-05-03 18:42:31', '2021-05-03 18:42:31'),
	(213, 'STD/00014', 25, 46, 1, 30, 1, 1, '2021-05-03 18:42:31', '2021-05-03 18:42:31'),
	(214, 'STD/00015', 12, 53, 1, 30, 1, 1, '2021-05-03 18:42:31', '2021-05-03 18:42:31'),
	(215, 'STD/00016', 32, 58, 1, 30, 1, 1, '2021-05-03 18:42:31', '2021-05-03 18:42:31'),
	(216, 'STD/00017', 5, 22, 1, 30, 1, 1, '2021-05-03 18:42:31', '2021-05-03 18:42:31'),
	(217, 'STD/00012', 26, 35, 1, 30, 1, 1, '2021-05-03 18:42:31', '2021-05-03 18:42:31'),
	(218, 'STD/00018', 29, 46, 1, 30, 1, 1, '2021-05-03 18:42:31', '2021-05-03 18:42:31'),
	(219, 'STD/00019', 23, 22, 1, 30, 1, 1, '2021-05-03 18:42:31', '2021-05-03 18:42:31'),
	(220, 'STD/00020', 28, 43, 1, 30, 1, 1, '2021-05-03 18:42:31', '2021-05-03 18:42:31'),
	(221, 'STD/00000', 11, 12, 1, 38, 1, 1, '2021-05-03 18:42:46', '2021-05-03 18:42:46'),
	(222, 'STD/00001', 19, 14, 1, 38, 1, 1, '2021-05-03 18:42:46', '2021-05-03 18:42:46'),
	(223, 'STD/00002', 18, 27, 1, 38, 1, 1, '2021-05-03 18:42:46', '2021-05-03 18:42:46'),
	(224, 'STD/00003', 19, 12, 1, 38, 1, 1, '2021-05-03 18:42:46', '2021-05-03 18:42:46'),
	(225, 'STD/00004', 13, 42, 1, 38, 1, 1, '2021-05-03 18:42:46', '2021-05-03 18:42:46'),
	(226, 'STD/00005', 14, 40, 1, 38, 1, 1, '2021-05-03 18:42:46', '2021-05-03 18:42:46'),
	(227, 'STD/00006', 17, 48, 1, 38, 1, 1, '2021-05-03 18:42:46', '2021-05-03 18:42:46'),
	(228, 'STD/00007', 15, 12, 1, 38, 1, 1, '2021-05-03 18:42:46', '2021-05-03 18:42:46'),
	(229, 'STD/00008', 20, 20, 1, 38, 1, 1, '2021-05-03 18:42:46', '2021-05-03 18:42:46'),
	(230, 'STD/00009', 20, 12, 1, 38, 1, 1, '2021-05-03 18:42:46', '2021-05-03 18:42:46'),
	(231, 'STD/00010', 13, 32, 1, 38, 1, 1, '2021-05-03 18:42:46', '2021-05-03 18:42:46'),
	(232, 'STD/00011', 13, 21, 1, 38, 1, 1, '2021-05-03 18:42:46', '2021-05-03 18:42:46'),
	(233, 'STD/00021', 15, 20, 1, 38, 1, 1, '2021-05-03 18:42:46', '2021-05-03 18:42:46'),
	(234, 'STD/00013', 20, 30, 1, 38, 1, 1, '2021-05-03 18:42:46', '2021-05-03 18:42:46'),
	(235, 'STD/00014', 17, 30, 1, 38, 1, 1, '2021-05-03 18:42:46', '2021-05-03 18:42:46'),
	(236, 'STD/00015', 15, 36, 1, 38, 1, 1, '2021-05-03 18:42:46', '2021-05-03 18:42:46'),
	(237, 'STD/00016', 15, 30, 1, 38, 1, 1, '2021-05-03 18:42:46', '2021-05-03 18:42:46'),
	(238, 'STD/00017', 19, 42, 1, 38, 1, 1, '2021-05-03 18:42:46', '2021-05-03 18:42:46'),
	(239, 'STD/00012', 19, 14, 1, 38, 1, 1, '2021-05-03 18:42:46', '2021-05-03 18:42:46'),
	(240, 'STD/00018', 19, 40, 1, 38, 1, 1, '2021-05-03 18:42:46', '2021-05-03 18:42:46'),
	(241, 'STD/00019', 13, 12, 1, 38, 1, 1, '2021-05-03 18:42:46', '2021-05-03 18:42:46'),
	(242, 'STD/00020', 18, 26, 1, 38, 1, 1, '2021-05-03 18:42:46', '2021-05-03 18:42:46'),
	(243, 'STD/00000', 30, 23, 1, 37, 1, 1, '2021-05-03 18:43:01', '2021-05-03 18:43:01'),
	(244, 'STD/00001', 19, 31, 1, 37, 1, 1, '2021-05-03 18:43:01', '2021-05-03 18:43:01'),
	(245, 'STD/00002', 35, 35, 1, 37, 1, 1, '2021-05-03 18:43:01', '2021-05-03 18:43:01'),
	(246, 'STD/00003', 12, 17, 1, 37, 1, 1, '2021-05-03 18:43:01', '2021-05-03 18:43:01'),
	(247, 'STD/00004', 34, 46, 1, 37, 1, 1, '2021-05-03 18:43:01', '2021-05-03 18:43:01'),
	(248, 'STD/00005', 34, 56, 1, 37, 1, 1, '2021-05-03 18:43:01', '2021-05-03 18:43:01'),
	(249, 'STD/00006', 38, 55, 1, 37, 1, 1, '2021-05-03 18:43:01', '2021-05-03 18:43:01'),
	(250, 'STD/00007', 13, 17, 1, 37, 1, 1, '2021-05-03 18:43:01', '2021-05-03 18:43:01'),
	(251, 'STD/00008', 32, 36, 1, 37, 1, 1, '2021-05-03 18:43:01', '2021-05-03 18:43:01'),
	(252, 'STD/00009', 22, 33, 1, 37, 1, 1, '2021-05-03 18:43:01', '2021-05-03 18:43:01'),
	(253, 'STD/00010', 36, 39, 1, 37, 1, 1, '2021-05-03 18:43:01', '2021-05-03 18:43:01'),
	(254, 'STD/00011', 32, 26, 1, 37, 1, 1, '2021-05-03 18:43:01', '2021-05-03 18:43:01'),
	(255, 'STD/00021', 16, 34, 1, 37, 1, 1, '2021-05-03 18:43:01', '2021-05-03 18:43:01'),
	(256, 'STD/00013', 37, 38, 1, 37, 1, 1, '2021-05-03 18:43:01', '2021-05-03 18:43:01'),
	(257, 'STD/00014', 27, 46, 1, 37, 1, 1, '2021-05-03 18:43:01', '2021-05-03 18:43:01'),
	(258, 'STD/00015', 22, 33, 1, 37, 1, 1, '2021-05-03 18:43:01', '2021-05-03 18:43:01'),
	(259, 'STD/00016', 36, 49, 1, 37, 1, 1, '2021-05-03 18:43:01', '2021-05-03 18:43:01'),
	(260, 'STD/00017', 24, 31, 1, 37, 1, 1, '2021-05-03 18:43:01', '2021-05-03 18:43:01'),
	(261, 'STD/00012', 30, 35, 1, 37, 1, 1, '2021-05-03 18:43:01', '2021-05-03 18:43:01'),
	(262, 'STD/00018', 38, 47, 1, 37, 1, 1, '2021-05-03 18:43:01', '2021-05-03 18:43:01'),
	(263, 'STD/00019', 25, 38, 1, 37, 1, 1, '2021-05-03 18:43:01', '2021-05-03 18:43:01'),
	(264, 'STD/00020', 37, 48, 1, 37, 1, 1, '2021-05-03 18:43:01', '2021-05-03 18:43:01'),
	(265, 'STD/00000', 19, 22, 1, 26, 1, 1, '2021-05-03 18:43:13', '2021-05-03 18:43:13'),
	(266, 'STD/00001', 17, 11, 1, 26, 1, 1, '2021-05-03 18:43:13', '2021-05-03 18:43:13'),
	(267, 'STD/00002', 35, 30, 1, 26, 1, 1, '2021-05-03 18:43:13', '2021-05-03 18:43:13'),
	(268, 'STD/00003', 24, 15, 1, 26, 1, 1, '2021-05-03 18:43:13', '2021-05-03 18:43:13'),
	(269, 'STD/00004', 32, 50, 1, 26, 1, 1, '2021-05-03 18:43:13', '2021-05-03 18:43:13'),
	(270, 'STD/00005', 21, 27, 1, 26, 1, 1, '2021-05-03 18:43:13', '2021-05-03 18:43:13'),
	(271, 'STD/00006', 33, 58, 1, 26, 1, 1, '2021-05-03 18:43:13', '2021-05-03 18:43:13'),
	(272, 'STD/00007', 38, 52, 1, 26, 1, 1, '2021-05-03 18:43:13', '2021-05-03 18:43:13'),
	(273, 'STD/00008', 30, 41, 1, 26, 1, 1, '2021-05-03 18:43:13', '2021-05-03 18:43:13'),
	(274, 'STD/00009', 30, 31, 1, 26, 1, 1, '2021-05-03 18:43:13', '2021-05-03 18:43:13'),
	(275, 'STD/00010', 34, 23, 1, 26, 1, 1, '2021-05-03 18:43:13', '2021-05-03 18:43:13'),
	(276, 'STD/00011', 25, 31, 1, 26, 1, 1, '2021-05-03 18:43:13', '2021-05-03 18:43:13'),
	(277, 'STD/00021', 38, 15, 1, 26, 1, 1, '2021-05-03 18:43:13', '2021-05-03 18:43:13'),
	(278, 'STD/00013', 38, 39, 1, 26, 1, 1, '2021-05-03 18:43:13', '2021-05-03 18:43:13'),
	(279, 'STD/00014', 36, 50, 1, 26, 1, 1, '2021-05-03 18:43:13', '2021-05-03 18:43:13'),
	(280, 'STD/00015', 35, 32, 1, 26, 1, 1, '2021-05-03 18:43:13', '2021-05-03 18:43:13'),
	(281, 'STD/00016', 38, 59, 1, 26, 1, 1, '2021-05-03 18:43:13', '2021-05-03 18:43:13'),
	(282, 'STD/00017', 35, 34, 1, 26, 1, 1, '2021-05-03 18:43:13', '2021-05-03 18:43:13'),
	(283, 'STD/00012', 30, 29, 1, 26, 1, 1, '2021-05-03 18:43:13', '2021-05-03 18:43:13'),
	(284, 'STD/00018', 38, 41, 1, 26, 1, 1, '2021-05-03 18:43:13', '2021-05-03 18:43:13'),
	(285, 'STD/00019', 23, 17, 1, 26, 1, 1, '2021-05-03 18:43:13', '2021-05-03 18:43:13'),
	(286, 'STD/00020', 32, 41, 1, 26, 1, 1, '2021-05-03 18:43:13', '2021-05-03 18:43:13'),
	(287, 'STD/00000', 18, 26, 1, 39, 1, 1, '2021-05-03 18:43:31', '2021-05-03 18:43:31'),
	(288, 'STD/00001', 9, 23, 1, 39, 1, 1, '2021-05-03 18:43:31', '2021-05-03 18:43:31'),
	(289, 'STD/00002', 40, 52, 1, 39, 1, 1, '2021-05-03 18:43:31', '2021-05-03 18:43:31'),
	(290, 'STD/00003', 13, 26, 1, 39, 1, 1, '2021-05-03 18:43:31', '2021-05-03 18:43:31'),
	(291, 'STD/00004', 40, 56, 1, 39, 1, 1, '2021-05-03 18:43:31', '2021-05-03 18:43:31'),
	(292, 'STD/00005', 40, 60, 1, 39, 1, 1, '2021-05-03 18:43:31', '2021-05-03 18:43:31'),
	(293, 'STD/00006', 40, 48, 1, 39, 1, 1, '2021-05-03 18:43:31', '2021-05-03 18:43:31'),
	(294, 'STD/00007', 20, 42, 1, 39, 1, 1, '2021-05-03 18:43:31', '2021-05-03 18:43:31'),
	(295, 'STD/00008', 38, 40, 1, 39, 1, 1, '2021-05-03 18:43:31', '2021-05-03 18:43:31'),
	(296, 'STD/00009', 36, 46, 1, 39, 1, 1, '2021-05-03 18:43:31', '2021-05-03 18:43:31'),
	(297, 'STD/00010', 30, 44, 1, 39, 1, 1, '2021-05-03 18:43:31', '2021-05-03 18:43:31'),
	(298, 'STD/00011', 17, 50, 1, 39, 1, 1, '2021-05-03 18:43:31', '2021-05-03 18:43:31'),
	(299, 'STD/00021', 19, 40, 1, 39, 1, 1, '2021-05-03 18:43:31', '2021-05-03 18:43:31'),
	(300, 'STD/00013', 28, 56, 1, 39, 1, 1, '2021-05-03 18:43:31', '2021-05-03 18:43:31'),
	(301, 'STD/00014', 38, 46, 1, 39, 1, 1, '2021-05-03 18:43:31', '2021-05-03 18:43:31'),
	(302, 'STD/00015', 38, 54, 1, 39, 1, 1, '2021-05-03 18:43:31', '2021-05-03 18:43:31'),
	(303, 'STD/00016', 0, 44, 1, 39, 1, 1, '2021-05-03 18:43:31', '2021-05-03 18:43:31'),
	(304, 'STD/00017', 21, 52, 1, 39, 1, 1, '2021-05-03 18:43:31', '2021-05-03 18:43:31'),
	(305, 'STD/00012', 35, 56, 1, 39, 1, 1, '2021-05-03 18:43:31', '2021-05-03 18:43:31'),
	(306, 'STD/00018', 36, 54, 1, 39, 1, 1, '2021-05-03 18:43:31', '2021-05-03 18:43:31'),
	(307, 'STD/00019', 24, 20, 1, 39, 1, 1, '2021-05-03 18:43:31', '2021-05-03 18:43:31'),
	(308, 'STD/00020', 35, 48, 1, 39, 1, 1, '2021-05-03 18:43:31', '2021-05-03 18:43:31'),
	(309, 'STD/00000', 19, 42, 1, 24, 1, 1, '2021-05-03 18:43:47', '2021-05-03 18:43:47'),
	(310, 'STD/00001', 33, 18, 1, 24, 1, 1, '2021-05-03 18:43:47', '2021-05-03 18:43:47'),
	(311, 'STD/00002', 37, 45, 1, 24, 1, 1, '2021-05-03 18:43:47', '2021-05-03 18:43:47'),
	(312, 'STD/00003', 17, 40, 1, 24, 1, 1, '2021-05-03 18:43:47', '2021-05-03 18:43:47'),
	(313, 'STD/00004', 34, 48, 1, 24, 1, 1, '2021-05-03 18:43:47', '2021-05-03 18:43:47'),
	(314, 'STD/00005', 37, 54, 1, 24, 1, 1, '2021-05-03 18:43:47', '2021-05-03 18:43:47'),
	(315, 'STD/00006', 35, 58, 1, 24, 1, 1, '2021-05-03 18:43:47', '2021-05-03 18:43:47'),
	(316, 'STD/00007', 18, 31, 1, 24, 1, 1, '2021-05-03 18:43:47', '2021-05-03 18:43:47'),
	(317, 'STD/00008', 38, 39, 1, 24, 1, 1, '2021-05-03 18:43:47', '2021-05-03 18:43:47'),
	(318, 'STD/00009', 35, 43, 1, 24, 1, 1, '2021-05-03 18:43:47', '2021-05-03 18:43:47'),
	(319, 'STD/00010', 38, 51, 1, 24, 1, 1, '2021-05-03 18:43:47', '2021-05-03 18:43:47'),
	(320, 'STD/00011', 38, 39, 1, 24, 1, 1, '2021-05-03 18:43:47', '2021-05-03 18:43:47'),
	(321, 'STD/00021', 19, 49, 1, 24, 1, 1, '2021-05-03 18:43:47', '2021-05-03 18:43:47'),
	(322, 'STD/00013', 20, 35, 1, 24, 1, 1, '2021-05-03 18:43:47', '2021-05-03 18:43:47'),
	(323, 'STD/00014', 35, 49, 1, 24, 1, 1, '2021-05-03 18:43:47', '2021-05-03 18:43:47'),
	(324, 'STD/00015', 18, 32, 1, 24, 1, 1, '2021-05-03 18:43:47', '2021-05-03 18:43:47'),
	(325, 'STD/00016', 15, 53, 1, 24, 1, 1, '2021-05-03 18:43:47', '2021-05-03 18:43:47'),
	(326, 'STD/00017', 15, 41, 1, 24, 1, 1, '2021-05-03 18:43:47', '2021-05-03 18:43:47'),
	(327, 'STD/00012', 17, 42, 1, 24, 1, 1, '2021-05-03 18:43:47', '2021-05-03 18:43:47'),
	(328, 'STD/00018', 19, 52, 1, 24, 1, 1, '2021-05-03 18:43:47', '2021-05-03 18:43:47'),
	(329, 'STD/00019', 36, 44, 1, 24, 1, 1, '2021-05-03 18:43:47', '2021-05-03 18:43:47'),
	(330, 'STD/00020', 38, 52, 1, 24, 1, 1, '2021-05-03 18:43:47', '2021-05-03 18:43:47'),
	(331, 'STD/00000', 26, 11, 1, 42, 1, 1, '2021-05-03 18:44:14', '2021-05-03 18:44:14'),
	(332, 'STD/00001', 27, 25, 1, 42, 1, 1, '2021-05-03 18:44:14', '2021-05-03 18:44:14'),
	(333, 'STD/00002', 32, 35, 1, 42, 1, 1, '2021-05-03 18:44:14', '2021-05-03 18:44:14'),
	(334, 'STD/00003', 24, 16, 1, 42, 1, 1, '2021-05-03 18:44:14', '2021-05-03 18:44:14'),
	(335, 'STD/00004', 29, 46, 1, 42, 1, 1, '2021-05-03 18:44:14', '2021-05-03 18:44:14'),
	(336, 'STD/00005', 36, 48, 1, 42, 1, 1, '2021-05-03 18:44:14', '2021-05-03 18:44:14'),
	(337, 'STD/00006', 30, 32, 1, 42, 1, 1, '2021-05-03 18:44:14', '2021-05-03 18:44:14'),
	(338, 'STD/00007', 30, 20, 1, 42, 1, 1, '2021-05-03 18:44:14', '2021-05-03 18:44:14'),
	(339, 'STD/00008', 32, 41, 1, 42, 1, 1, '2021-05-03 18:44:14', '2021-05-03 18:44:14'),
	(340, 'STD/00009', 32, 35, 1, 42, 1, 1, '2021-05-03 18:44:14', '2021-05-03 18:44:14'),
	(341, 'STD/00010', 35, 55, 1, 42, 1, 1, '2021-05-03 18:44:14', '2021-05-03 18:44:14'),
	(342, 'STD/00011', 22, 10, 1, 42, 1, 1, '2021-05-03 18:44:14', '2021-05-03 18:44:14'),
	(343, 'STD/00021', 20, 15, 1, 42, 1, 1, '2021-05-03 18:44:14', '2021-05-03 18:44:14'),
	(344, 'STD/00013', 31, 43, 1, 42, 1, 1, '2021-05-03 18:44:14', '2021-05-03 18:44:14'),
	(345, 'STD/00014', 39, 41, 1, 42, 1, 1, '2021-05-03 18:44:14', '2021-05-03 18:44:14'),
	(346, 'STD/00015', 34, 41, 1, 42, 1, 1, '2021-05-03 18:44:14', '2021-05-03 18:44:14'),
	(347, 'STD/00016', 27, 43, 1, 42, 1, 1, '2021-05-03 18:44:14', '2021-05-03 18:44:14'),
	(348, 'STD/00017', 33, 38, 1, 42, 1, 1, '2021-05-03 18:44:14', '2021-05-03 18:44:14'),
	(349, 'STD/00012', 31, 38, 1, 42, 1, 1, '2021-05-03 18:44:14', '2021-05-03 18:44:14'),
	(350, 'STD/00018', 30, 40, 1, 42, 1, 1, '2021-05-03 18:44:14', '2021-05-03 18:44:14'),
	(351, 'STD/00019', 22, 20, 1, 42, 1, 1, '2021-05-03 18:44:14', '2021-05-03 18:44:14'),
	(352, 'STD/00020', 28, 39, 1, 42, 1, 1, '2021-05-03 18:44:14', '2021-05-03 18:44:14'),
	(353, 'STD/00000', 22, 29, 1, 41, 1, 1, '2021-05-03 18:44:31', '2021-05-03 18:44:31'),
	(354, 'STD/00001', 24, 36, 1, 41, 1, 1, '2021-05-03 18:44:31', '2021-05-03 18:44:31'),
	(355, 'STD/00002', 31, 59, 1, 41, 1, 1, '2021-05-03 18:44:31', '2021-05-03 18:44:31'),
	(356, 'STD/00003', 24, 34, 1, 41, 1, 1, '2021-05-03 18:44:31', '2021-05-03 18:44:31'),
	(357, 'STD/00004', 20, 53, 1, 41, 1, 1, '2021-05-03 18:44:31', '2021-05-03 18:44:31'),
	(358, 'STD/00005', 27, 49, 1, 41, 1, 1, '2021-05-03 18:44:31', '2021-05-03 18:44:31'),
	(359, 'STD/00006', 35, 55, 1, 41, 1, 1, '2021-05-03 18:44:31', '2021-05-03 18:44:31'),
	(360, 'STD/00007', 16, 21, 1, 41, 1, 1, '2021-05-03 18:44:31', '2021-05-03 18:44:31'),
	(361, 'STD/00008', 35, 53, 1, 41, 1, 1, '2021-05-03 18:44:31', '2021-05-03 18:44:31'),
	(362, 'STD/00009', 27, 47, 1, 41, 1, 1, '2021-05-03 18:44:31', '2021-05-03 18:44:31'),
	(363, 'STD/00010', 40, 55, 1, 41, 1, 1, '2021-05-03 18:44:31', '2021-05-03 18:44:31'),
	(364, 'STD/00011', 23, 47, 1, 41, 1, 1, '2021-05-03 18:44:31', '2021-05-03 18:44:31'),
	(365, 'STD/00021', 35, 55, 1, 41, 1, 1, '2021-05-03 18:44:31', '2021-05-03 18:44:31'),
	(366, 'STD/00013', 35, 55, 1, 41, 1, 1, '2021-05-03 18:44:31', '2021-05-03 18:44:31'),
	(367, 'STD/00014', 26, 43, 1, 41, 1, 1, '2021-05-03 18:44:31', '2021-05-03 18:44:31'),
	(368, 'STD/00015', 38, 55, 1, 41, 1, 1, '2021-05-03 18:44:31', '2021-05-03 18:44:31'),
	(369, 'STD/00016', 38, 55, 1, 41, 1, 1, '2021-05-03 18:44:31', '2021-05-03 18:44:31'),
	(370, 'STD/00017', 29, 56, 1, 41, 1, 1, '2021-05-03 18:44:31', '2021-05-03 18:44:31'),
	(371, 'STD/00012', 33, 44, 1, 41, 1, 1, '2021-05-03 18:44:31', '2021-05-03 18:44:31'),
	(372, 'STD/00018', 31, 54, 1, 41, 1, 1, '2021-05-03 18:44:31', '2021-05-03 18:44:31'),
	(373, 'STD/00019', 28, 52, 1, 41, 1, 1, '2021-05-03 18:44:31', '2021-05-03 18:44:31'),
	(374, 'STD/00020', 29, 51, 1, 41, 1, 1, '2021-05-03 18:44:31', '2021-05-03 18:44:31'),
	(375, 'STD/00000', 34, 48, 1, 32, 1, 1, '2021-05-03 18:44:47', '2021-05-03 18:44:47'),
	(376, 'STD/00001', 37, 33, 1, 32, 1, 1, '2021-05-03 18:44:47', '2021-05-03 18:44:47'),
	(377, 'STD/00002', 35, 55, 1, 32, 1, 1, '2021-05-03 18:44:47', '2021-05-03 18:44:47'),
	(378, 'STD/00003', 36, 44, 1, 32, 1, 1, '2021-05-03 18:44:47', '2021-05-03 18:44:47'),
	(379, 'STD/00004', 38, 57, 1, 32, 1, 1, '2021-05-03 18:44:47', '2021-05-03 18:44:47'),
	(380, 'STD/00005', 39, 54, 1, 32, 1, 1, '2021-05-03 18:44:47', '2021-05-03 18:44:47'),
	(381, 'STD/00006', 38, 57, 1, 32, 1, 1, '2021-05-03 18:44:47', '2021-05-03 18:44:47'),
	(382, 'STD/00007', 30, 30, 1, 32, 1, 1, '2021-05-03 18:44:47', '2021-05-03 18:44:47'),
	(383, 'STD/00008', 37, 54, 1, 32, 1, 1, '2021-05-03 18:44:47', '2021-05-03 18:44:47'),
	(384, 'STD/00009', 38, 51, 1, 32, 1, 1, '2021-05-03 18:44:47', '2021-05-03 18:44:47'),
	(385, 'STD/00010', 36, 60, 1, 32, 1, 1, '2021-05-03 18:44:47', '2021-05-03 18:44:47'),
	(386, 'STD/00011', 39, 51, 1, 32, 1, 1, '2021-05-03 18:44:47', '2021-05-03 18:44:47'),
	(387, 'STD/00021', 36, 52, 1, 32, 1, 1, '2021-05-03 18:44:47', '2021-05-03 18:44:47'),
	(388, 'STD/00013', 36, 58, 1, 32, 1, 1, '2021-05-03 18:44:47', '2021-05-03 18:44:47'),
	(389, 'STD/00014', 37, 54, 1, 32, 1, 1, '2021-05-03 18:44:47', '2021-05-03 18:44:47'),
	(390, 'STD/00015', 37, 42, 1, 32, 1, 1, '2021-05-03 18:44:47', '2021-05-03 18:44:47'),
	(391, 'STD/00016', 36, 57, 1, 32, 1, 1, '2021-05-03 18:44:47', '2021-05-03 18:44:47'),
	(392, 'STD/00017', 33, 55, 1, 32, 1, 1, '2021-05-03 18:44:47', '2021-05-03 18:44:47'),
	(393, 'STD/00012', 38, 54, 1, 32, 1, 1, '2021-05-03 18:44:47', '2021-05-03 18:44:47'),
	(394, 'STD/00018', 35, 50, 1, 32, 1, 1, '2021-05-03 18:44:47', '2021-05-03 18:44:47'),
	(395, 'STD/00019', 36, 45, 1, 32, 1, 1, '2021-05-03 18:44:47', '2021-05-03 18:44:47'),
	(396, 'STD/00020', 37, 50, 1, 32, 1, 1, '2021-05-03 18:44:47', '2021-05-03 18:44:47'),
	(397, 'STD/00037', 35, 43, 1, 33, 2, 1, '2021-05-04 10:21:20', '2021-05-04 10:21:20'),
	(398, 'STD/00032', 27, 43, 1, 33, 2, 1, '2021-05-04 10:21:20', '2021-05-04 10:21:20'),
	(399, 'STD/00033', 26, 52, 1, 33, 2, 1, '2021-05-04 10:21:20', '2021-05-04 10:21:20'),
	(400, 'STD/00030', 5, 30, 1, 33, 2, 1, '2021-05-04 10:21:20', '2021-05-04 10:21:20'),
	(401, 'STD/00023', 25, 49, 1, 33, 2, 1, '2021-05-04 10:21:20', '2021-05-04 10:21:20'),
	(402, 'STD/00024', 30, 53, 1, 33, 2, 1, '2021-05-04 10:21:20', '2021-05-04 10:21:20'),
	(403, 'STD/00027', 29, 46, 1, 33, 2, 1, '2021-05-04 10:21:20', '2021-05-04 10:21:20'),
	(404, 'STD/00038', 38, 58, 1, 33, 2, 1, '2021-05-04 10:21:20', '2021-05-04 10:21:20'),
	(405, 'STD/00034', 27, 55, 1, 33, 2, 1, '2021-05-04 10:21:20', '2021-05-04 10:21:20'),
	(406, 'STD/00028', 15, 47, 1, 33, 2, 1, '2021-05-04 10:21:20', '2021-05-04 10:21:20'),
	(407, 'STD/00040', 12, 39, 1, 33, 2, 1, '2021-05-04 10:21:20', '2021-05-04 10:21:20'),
	(408, 'STD/00029', 20, 31, 1, 33, 2, 1, '2021-05-04 10:21:20', '2021-05-04 10:21:20'),
	(409, 'STD/00041', 26, 55, 1, 33, 2, 1, '2021-05-04 10:21:20', '2021-05-04 10:21:20'),
	(410, 'STD/00039', 13, 15, 1, 33, 2, 1, '2021-05-04 10:21:20', '2021-05-04 10:21:20'),
	(411, 'STD/00022', 22, 38, 1, 33, 2, 1, '2021-05-04 10:21:20', '2021-05-04 10:21:20'),
	(412, 'STD/00031', 13, 23, 1, 33, 2, 1, '2021-05-04 10:21:20', '2021-05-04 10:21:20'),
	(413, 'STD/00035', 35, 51, 1, 33, 2, 1, '2021-05-04 10:21:20', '2021-05-04 10:21:20'),
	(414, 'STD/00025', 26, 40, 1, 33, 2, 1, '2021-05-04 10:21:20', '2021-05-04 10:21:20'),
	(415, 'STD/00036', 19, 28, 1, 33, 2, 1, '2021-05-04 10:21:20', '2021-05-04 10:21:20'),
	(416, 'STD/00026', 22, 18, 1, 33, 2, 1, '2021-05-04 10:21:20', '2021-05-04 10:21:20'),
	(417, 'STD/00037', 35, 43, 1, 43, 2, 1, '2021-05-04 10:21:39', '2021-05-04 10:21:39'),
	(418, 'STD/00032', 27, 43, 1, 43, 2, 1, '2021-05-04 10:21:39', '2021-05-04 10:21:39'),
	(419, 'STD/00033', 26, 52, 1, 43, 2, 1, '2021-05-04 10:21:39', '2021-05-04 10:21:39'),
	(420, 'STD/00030', 5, 30, 1, 43, 2, 1, '2021-05-04 10:21:39', '2021-05-04 10:21:39'),
	(421, 'STD/00023', 25, 49, 1, 43, 2, 1, '2021-05-04 10:21:39', '2021-05-04 10:21:39'),
	(422, 'STD/00024', 30, 53, 1, 43, 2, 1, '2021-05-04 10:21:39', '2021-05-04 10:21:39'),
	(423, 'STD/00027', 29, 46, 1, 43, 2, 1, '2021-05-04 10:21:39', '2021-05-04 10:21:39'),
	(424, 'STD/00038', 38, 58, 1, 43, 2, 1, '2021-05-04 10:21:39', '2021-05-04 10:21:39'),
	(425, 'STD/00034', 27, 55, 1, 43, 2, 1, '2021-05-04 10:21:39', '2021-05-04 10:21:39'),
	(426, 'STD/00028', 15, 47, 1, 43, 2, 1, '2021-05-04 10:21:39', '2021-05-04 10:21:39'),
	(427, 'STD/00040', 12, 39, 1, 43, 2, 1, '2021-05-04 10:21:39', '2021-05-04 10:21:39'),
	(428, 'STD/00029', 20, 31, 1, 43, 2, 1, '2021-05-04 10:21:39', '2021-05-04 10:21:39'),
	(429, 'STD/00041', 26, 55, 1, 43, 2, 1, '2021-05-04 10:21:39', '2021-05-04 10:21:39'),
	(430, 'STD/00039', 13, 15, 1, 43, 2, 1, '2021-05-04 10:21:39', '2021-05-04 10:21:39'),
	(431, 'STD/00022', 22, 38, 1, 43, 2, 1, '2021-05-04 10:21:39', '2021-05-04 10:21:39'),
	(432, 'STD/00031', 13, 23, 1, 43, 2, 1, '2021-05-04 10:21:39', '2021-05-04 10:21:39'),
	(433, 'STD/00035', 35, 51, 1, 43, 2, 1, '2021-05-04 10:21:39', '2021-05-04 10:21:39'),
	(434, 'STD/00025', 26, 40, 1, 43, 2, 1, '2021-05-04 10:21:39', '2021-05-04 10:21:39'),
	(435, 'STD/00036', 19, 28, 1, 43, 2, 1, '2021-05-04 10:21:39', '2021-05-04 10:21:39'),
	(436, 'STD/00026', 22, 18, 1, 43, 2, 1, '2021-05-04 10:21:39', '2021-05-04 10:21:39'),
	(437, 'STD/00037', 35, 43, 1, 27, 2, 1, '2021-05-04 10:22:00', '2021-05-04 10:22:00'),
	(438, 'STD/00032', 27, 43, 1, 27, 2, 1, '2021-05-04 10:22:00', '2021-05-04 10:22:00'),
	(439, 'STD/00033', 26, 52, 1, 27, 2, 1, '2021-05-04 10:22:00', '2021-05-04 10:22:00'),
	(440, 'STD/00030', 5, 30, 1, 27, 2, 1, '2021-05-04 10:22:00', '2021-05-04 10:22:00'),
	(441, 'STD/00023', 25, 49, 1, 27, 2, 1, '2021-05-04 10:22:00', '2021-05-04 10:22:00'),
	(442, 'STD/00024', 30, 53, 1, 27, 2, 1, '2021-05-04 10:22:00', '2021-05-04 10:22:00'),
	(443, 'STD/00027', 29, 46, 1, 27, 2, 1, '2021-05-04 10:22:00', '2021-05-04 10:22:00'),
	(444, 'STD/00038', 38, 58, 1, 27, 2, 1, '2021-05-04 10:22:00', '2021-05-04 10:22:00'),
	(445, 'STD/00034', 27, 55, 1, 27, 2, 1, '2021-05-04 10:22:00', '2021-05-04 10:22:00'),
	(446, 'STD/00028', 15, 47, 1, 27, 2, 1, '2021-05-04 10:22:00', '2021-05-04 10:22:00'),
	(447, 'STD/00040', 12, 39, 1, 27, 2, 1, '2021-05-04 10:22:00', '2021-05-04 10:22:00'),
	(448, 'STD/00029', 20, 31, 1, 27, 2, 1, '2021-05-04 10:22:00', '2021-05-04 10:22:00'),
	(449, 'STD/00041', 26, 55, 1, 27, 2, 1, '2021-05-04 10:22:00', '2021-05-04 10:22:00'),
	(450, 'STD/00039', 13, 15, 1, 27, 2, 1, '2021-05-04 10:22:00', '2021-05-04 10:22:00'),
	(451, 'STD/00022', 22, 38, 1, 27, 2, 1, '2021-05-04 10:22:00', '2021-05-04 10:22:00'),
	(452, 'STD/00031', 13, 23, 1, 27, 2, 1, '2021-05-04 10:22:00', '2021-05-04 10:22:00'),
	(453, 'STD/00035', 35, 51, 1, 27, 2, 1, '2021-05-04 10:22:00', '2021-05-04 10:22:00'),
	(454, 'STD/00025', 26, 40, 1, 27, 2, 1, '2021-05-04 10:22:00', '2021-05-04 10:22:00'),
	(455, 'STD/00036', 19, 28, 1, 27, 2, 1, '2021-05-04 10:22:00', '2021-05-04 10:22:00'),
	(456, 'STD/00026', 22, 18, 1, 27, 2, 1, '2021-05-04 10:22:00', '2021-05-04 10:22:00'),
	(457, 'STD/00037', 35, 43, 1, 28, 2, 1, '2021-05-04 10:22:13', '2021-05-04 10:22:13'),
	(458, 'STD/00032', 27, 43, 1, 28, 2, 1, '2021-05-04 10:22:13', '2021-05-04 10:22:13'),
	(459, 'STD/00033', 26, 52, 1, 28, 2, 1, '2021-05-04 10:22:13', '2021-05-04 10:22:13'),
	(460, 'STD/00030', 5, 30, 1, 28, 2, 1, '2021-05-04 10:22:13', '2021-05-04 10:22:13'),
	(461, 'STD/00023', 25, 49, 1, 28, 2, 1, '2021-05-04 10:22:13', '2021-05-04 10:22:13'),
	(462, 'STD/00024', 30, 53, 1, 28, 2, 1, '2021-05-04 10:22:13', '2021-05-04 10:22:13'),
	(463, 'STD/00027', 29, 46, 1, 28, 2, 1, '2021-05-04 10:22:13', '2021-05-04 10:22:13'),
	(464, 'STD/00038', 38, 58, 1, 28, 2, 1, '2021-05-04 10:22:13', '2021-05-04 10:22:13'),
	(465, 'STD/00034', 27, 55, 1, 28, 2, 1, '2021-05-04 10:22:13', '2021-05-04 10:22:13'),
	(466, 'STD/00028', 15, 47, 1, 28, 2, 1, '2021-05-04 10:22:13', '2021-05-04 10:22:13'),
	(467, 'STD/00040', 12, 39, 1, 28, 2, 1, '2021-05-04 10:22:13', '2021-05-04 10:22:13'),
	(468, 'STD/00029', 20, 31, 1, 28, 2, 1, '2021-05-04 10:22:13', '2021-05-04 10:22:13'),
	(469, 'STD/00041', 26, 55, 1, 28, 2, 1, '2021-05-04 10:22:13', '2021-05-04 10:22:13'),
	(470, 'STD/00039', 13, 15, 1, 28, 2, 1, '2021-05-04 10:22:13', '2021-05-04 10:22:13'),
	(471, 'STD/00022', 22, 38, 1, 28, 2, 1, '2021-05-04 10:22:13', '2021-05-04 10:22:13'),
	(472, 'STD/00031', 13, 23, 1, 28, 2, 1, '2021-05-04 10:22:13', '2021-05-04 10:22:13'),
	(473, 'STD/00035', 35, 51, 1, 28, 2, 1, '2021-05-04 10:22:13', '2021-05-04 10:22:13'),
	(474, 'STD/00025', 26, 40, 1, 28, 2, 1, '2021-05-04 10:22:13', '2021-05-04 10:22:13'),
	(475, 'STD/00036', 19, 28, 1, 28, 2, 1, '2021-05-04 10:22:13', '2021-05-04 10:22:13'),
	(476, 'STD/00026', 22, 18, 1, 28, 2, 1, '2021-05-04 10:22:13', '2021-05-04 10:22:13'),
	(477, 'STD/00037', 35, 43, 1, 29, 2, 1, '2021-05-04 10:22:29', '2021-05-04 10:22:29'),
	(478, 'STD/00032', 27, 43, 1, 29, 2, 1, '2021-05-04 10:22:29', '2021-05-04 10:22:29'),
	(479, 'STD/00033', 26, 52, 1, 29, 2, 1, '2021-05-04 10:22:29', '2021-05-04 10:22:29'),
	(480, 'STD/00030', 5, 30, 1, 29, 2, 1, '2021-05-04 10:22:29', '2021-05-04 10:22:29'),
	(481, 'STD/00023', 25, 49, 1, 29, 2, 1, '2021-05-04 10:22:29', '2021-05-04 10:22:29'),
	(482, 'STD/00024', 30, 53, 1, 29, 2, 1, '2021-05-04 10:22:29', '2021-05-04 10:22:29'),
	(483, 'STD/00027', 29, 46, 1, 29, 2, 1, '2021-05-04 10:22:29', '2021-05-04 10:22:29'),
	(484, 'STD/00038', 38, 58, 1, 29, 2, 1, '2021-05-04 10:22:29', '2021-05-04 10:22:29'),
	(485, 'STD/00034', 27, 55, 1, 29, 2, 1, '2021-05-04 10:22:29', '2021-05-04 10:22:29'),
	(486, 'STD/00028', 15, 47, 1, 29, 2, 1, '2021-05-04 10:22:29', '2021-05-04 10:22:29'),
	(487, 'STD/00040', 12, 39, 1, 29, 2, 1, '2021-05-04 10:22:29', '2021-05-04 10:22:29'),
	(488, 'STD/00029', 20, 31, 1, 29, 2, 1, '2021-05-04 10:22:29', '2021-05-04 10:22:29'),
	(489, 'STD/00041', 26, 55, 1, 29, 2, 1, '2021-05-04 10:22:29', '2021-05-04 10:22:29'),
	(490, 'STD/00039', 13, 15, 1, 29, 2, 1, '2021-05-04 10:22:29', '2021-05-04 10:22:29'),
	(491, 'STD/00022', 20, 48, 1, 29, 2, 1, '2021-05-04 10:22:29', '2021-05-04 10:22:29'),
	(492, 'STD/00031', 13, 23, 1, 29, 2, 1, '2021-05-04 10:22:29', '2021-05-04 10:22:29'),
	(493, 'STD/00035', 35, 51, 1, 29, 2, 1, '2021-05-04 10:22:29', '2021-05-04 10:22:29'),
	(494, 'STD/00025', 26, 40, 1, 29, 2, 1, '2021-05-04 10:22:29', '2021-05-04 10:22:29'),
	(495, 'STD/00036', 19, 28, 1, 29, 2, 1, '2021-05-04 10:22:29', '2021-05-04 10:22:29'),
	(496, 'STD/00026', 22, 18, 1, 29, 2, 1, '2021-05-04 10:22:29', '2021-05-04 10:22:29'),
	(497, 'STD/00037', 35, 43, 1, 25, 2, 1, '2021-05-04 10:22:52', '2021-05-04 10:22:52'),
	(498, 'STD/00032', 27, 43, 1, 25, 2, 1, '2021-05-04 10:22:52', '2021-05-04 10:22:52'),
	(499, 'STD/00033', 26, 52, 1, 25, 2, 1, '2021-05-04 10:22:52', '2021-05-04 10:22:52'),
	(500, 'STD/00030', 5, 30, 1, 25, 2, 1, '2021-05-04 10:22:52', '2021-05-04 10:22:52'),
	(501, 'STD/00023', 25, 49, 1, 25, 2, 1, '2021-05-04 10:22:52', '2021-05-04 10:22:52'),
	(502, 'STD/00024', 30, 53, 1, 25, 2, 1, '2021-05-04 10:22:52', '2021-05-04 10:22:52'),
	(503, 'STD/00027', 29, 46, 1, 25, 2, 1, '2021-05-04 10:22:52', '2021-05-04 10:22:52'),
	(504, 'STD/00038', 38, 58, 1, 25, 2, 1, '2021-05-04 10:22:52', '2021-05-04 10:22:52'),
	(505, 'STD/00034', 27, 55, 1, 25, 2, 1, '2021-05-04 10:22:52', '2021-05-04 10:22:52'),
	(506, 'STD/00028', 15, 47, 1, 25, 2, 1, '2021-05-04 10:22:52', '2021-05-04 10:22:52'),
	(507, 'STD/00040', 12, 39, 1, 25, 2, 1, '2021-05-04 10:22:52', '2021-05-04 10:22:52'),
	(508, 'STD/00029', 20, 31, 1, 25, 2, 1, '2021-05-04 10:22:52', '2021-05-04 10:22:52'),
	(509, 'STD/00041', 26, 55, 1, 25, 2, 1, '2021-05-04 10:22:52', '2021-05-04 10:22:52'),
	(510, 'STD/00039', 13, 15, 1, 25, 2, 1, '2021-05-04 10:22:52', '2021-05-04 10:22:52'),
	(511, 'STD/00022', 22, 38, 1, 25, 2, 1, '2021-05-04 10:22:52', '2021-05-04 10:22:52'),
	(512, 'STD/00031', 13, 23, 1, 25, 2, 1, '2021-05-04 10:22:52', '2021-05-04 10:22:52'),
	(513, 'STD/00035', 35, 51, 1, 25, 2, 1, '2021-05-04 10:22:52', '2021-05-04 10:22:52'),
	(514, 'STD/00025', 26, 40, 1, 25, 2, 1, '2021-05-04 10:22:52', '2021-05-04 10:22:52'),
	(515, 'STD/00036', 19, 28, 1, 25, 2, 1, '2021-05-04 10:22:52', '2021-05-04 10:22:52'),
	(516, 'STD/00026', 22, 18, 1, 25, 2, 1, '2021-05-04 10:22:52', '2021-05-04 10:22:52'),
	(517, 'STD/00037', 35, 43, 1, 40, 2, 1, '2021-05-04 10:23:07', '2021-05-04 10:23:07'),
	(518, 'STD/00032', 27, 43, 1, 40, 2, 1, '2021-05-04 10:23:07', '2021-05-04 10:23:07'),
	(519, 'STD/00033', 26, 52, 1, 40, 2, 1, '2021-05-04 10:23:07', '2021-05-04 10:23:07'),
	(520, 'STD/00030', 5, 30, 1, 40, 2, 1, '2021-05-04 10:23:07', '2021-05-04 10:23:07'),
	(521, 'STD/00023', 25, 49, 1, 40, 2, 1, '2021-05-04 10:23:07', '2021-05-04 10:23:07'),
	(522, 'STD/00024', 30, 53, 1, 40, 2, 1, '2021-05-04 10:23:07', '2021-05-04 10:23:07'),
	(523, 'STD/00027', 29, 46, 1, 40, 2, 1, '2021-05-04 10:23:07', '2021-05-04 10:23:07'),
	(524, 'STD/00038', 38, 58, 1, 40, 2, 1, '2021-05-04 10:23:07', '2021-05-04 10:23:07'),
	(525, 'STD/00034', 27, 55, 1, 40, 2, 1, '2021-05-04 10:23:07', '2021-05-04 10:23:07'),
	(526, 'STD/00028', 15, 47, 1, 40, 2, 1, '2021-05-04 10:23:07', '2021-05-04 10:23:07'),
	(527, 'STD/00040', 12, 39, 1, 40, 2, 1, '2021-05-04 10:23:07', '2021-05-04 10:23:07'),
	(528, 'STD/00029', 20, 31, 1, 40, 2, 1, '2021-05-04 10:23:07', '2021-05-04 10:23:07'),
	(529, 'STD/00041', 26, 55, 1, 40, 2, 1, '2021-05-04 10:23:07', '2021-05-04 10:23:07'),
	(530, 'STD/00039', 13, 15, 1, 40, 2, 1, '2021-05-04 10:23:07', '2021-05-04 10:23:07'),
	(531, 'STD/00022', 22, 38, 1, 40, 2, 1, '2021-05-04 10:23:07', '2021-05-04 10:23:07'),
	(532, 'STD/00031', 13, 23, 1, 40, 2, 1, '2021-05-04 10:23:07', '2021-05-04 10:23:07'),
	(533, 'STD/00035', 35, 51, 1, 40, 2, 1, '2021-05-04 10:23:07', '2021-05-04 10:23:07'),
	(534, 'STD/00025', 26, 40, 1, 40, 2, 1, '2021-05-04 10:23:07', '2021-05-04 10:23:07'),
	(535, 'STD/00036', 19, 28, 1, 40, 2, 1, '2021-05-04 10:23:07', '2021-05-04 10:23:07'),
	(536, 'STD/00026', 22, 18, 1, 40, 2, 1, '2021-05-04 10:23:07', '2021-05-04 10:23:07'),
	(537, 'STD/00037', 35, 43, 1, 36, 2, 1, '2021-05-04 10:23:33', '2021-05-04 10:23:33'),
	(538, 'STD/00032', 27, 43, 1, 36, 2, 1, '2021-05-04 10:23:33', '2021-05-04 10:23:33'),
	(539, 'STD/00033', 26, 52, 1, 36, 2, 1, '2021-05-04 10:23:33', '2021-05-04 10:23:33'),
	(540, 'STD/00030', 5, 30, 1, 36, 2, 1, '2021-05-04 10:23:33', '2021-05-04 10:23:33'),
	(541, 'STD/00023', 25, 49, 1, 36, 2, 1, '2021-05-04 10:23:33', '2021-05-04 10:23:33'),
	(542, 'STD/00024', 30, 53, 1, 36, 2, 1, '2021-05-04 10:23:33', '2021-05-04 10:23:33'),
	(543, 'STD/00027', 29, 46, 1, 36, 2, 1, '2021-05-04 10:23:33', '2021-05-04 10:23:33'),
	(544, 'STD/00038', 38, 58, 1, 36, 2, 1, '2021-05-04 10:23:33', '2021-05-04 10:23:33'),
	(545, 'STD/00034', 27, 55, 1, 36, 2, 1, '2021-05-04 10:23:33', '2021-05-04 10:23:33'),
	(546, 'STD/00028', 15, 47, 1, 36, 2, 1, '2021-05-04 10:23:33', '2021-05-04 10:23:33'),
	(547, 'STD/00040', 12, 39, 1, 36, 2, 1, '2021-05-04 10:23:33', '2021-05-04 10:23:33'),
	(548, 'STD/00029', 20, 31, 1, 36, 2, 1, '2021-05-04 10:23:33', '2021-05-04 10:23:33'),
	(549, 'STD/00041', 26, 55, 1, 36, 2, 1, '2021-05-04 10:23:33', '2021-05-04 10:23:33'),
	(550, 'STD/00039', 13, 15, 1, 36, 2, 1, '2021-05-04 10:23:33', '2021-05-04 10:23:33'),
	(551, 'STD/00022', 22, 38, 1, 36, 2, 1, '2021-05-04 10:23:33', '2021-05-04 10:23:33'),
	(552, 'STD/00031', 13, 23, 1, 36, 2, 1, '2021-05-04 10:23:33', '2021-05-04 10:23:33'),
	(553, 'STD/00035', 35, 51, 1, 36, 2, 1, '2021-05-04 10:23:33', '2021-05-04 10:23:33'),
	(554, 'STD/00025', 26, 40, 1, 36, 2, 1, '2021-05-04 10:23:33', '2021-05-04 10:23:33'),
	(555, 'STD/00036', 19, 28, 1, 36, 2, 1, '2021-05-04 10:23:33', '2021-05-04 10:23:33'),
	(556, 'STD/00026', 22, 18, 1, 36, 2, 1, '2021-05-04 10:23:33', '2021-05-04 10:23:33'),
	(557, 'STD/00037', 35, 43, 1, 30, 2, 1, '2021-05-04 10:23:51', '2021-05-04 10:23:51'),
	(558, 'STD/00032', 27, 43, 1, 30, 2, 1, '2021-05-04 10:23:51', '2021-05-04 10:23:51'),
	(559, 'STD/00033', 26, 52, 1, 30, 2, 1, '2021-05-04 10:23:51', '2021-05-04 10:23:51'),
	(560, 'STD/00030', 5, 30, 1, 30, 2, 1, '2021-05-04 10:23:51', '2021-05-04 10:23:51'),
	(561, 'STD/00023', 25, 49, 1, 30, 2, 1, '2021-05-04 10:23:51', '2021-05-04 10:23:51'),
	(562, 'STD/00024', 30, 53, 1, 30, 2, 1, '2021-05-04 10:23:51', '2021-05-04 10:23:51'),
	(563, 'STD/00027', 29, 46, 1, 30, 2, 1, '2021-05-04 10:23:51', '2021-05-04 10:23:51'),
	(564, 'STD/00038', 38, 58, 1, 30, 2, 1, '2021-05-04 10:23:51', '2021-05-04 10:23:51'),
	(565, 'STD/00034', 27, 55, 1, 30, 2, 1, '2021-05-04 10:23:51', '2021-05-04 10:23:51'),
	(566, 'STD/00028', 15, 47, 1, 30, 2, 1, '2021-05-04 10:23:51', '2021-05-04 10:23:51'),
	(567, 'STD/00040', 12, 39, 1, 30, 2, 1, '2021-05-04 10:23:51', '2021-05-04 10:23:51'),
	(568, 'STD/00029', 20, 31, 1, 30, 2, 1, '2021-05-04 10:23:51', '2021-05-04 10:23:51'),
	(569, 'STD/00041', 26, 55, 1, 30, 2, 1, '2021-05-04 10:23:51', '2021-05-04 10:23:51'),
	(570, 'STD/00039', 13, 15, 1, 30, 2, 1, '2021-05-04 10:23:51', '2021-05-04 10:23:51'),
	(571, 'STD/00022', 20, 48, 1, 30, 2, 1, '2021-05-04 10:23:51', '2021-05-04 10:23:51'),
	(572, 'STD/00031', 13, 23, 1, 30, 2, 1, '2021-05-04 10:23:51', '2021-05-04 10:23:51'),
	(573, 'STD/00035', 35, 51, 1, 30, 2, 1, '2021-05-04 10:23:51', '2021-05-04 10:23:51'),
	(574, 'STD/00025', 26, 40, 1, 30, 2, 1, '2021-05-04 10:23:51', '2021-05-04 10:23:51'),
	(575, 'STD/00036', 19, 28, 1, 30, 2, 1, '2021-05-04 10:23:51', '2021-05-04 10:23:51'),
	(576, 'STD/00026', 22, 18, 1, 30, 2, 1, '2021-05-04 10:23:51', '2021-05-04 10:23:51'),
	(577, 'STD/00037', 35, 43, 1, 38, 2, 1, '2021-05-04 10:24:07', '2021-05-04 10:24:07'),
	(578, 'STD/00032', 27, 43, 1, 38, 2, 1, '2021-05-04 10:24:07', '2021-05-04 10:24:07'),
	(579, 'STD/00033', 26, 52, 1, 38, 2, 1, '2021-05-04 10:24:07', '2021-05-04 10:24:07'),
	(580, 'STD/00030', 5, 30, 1, 38, 2, 1, '2021-05-04 10:24:07', '2021-05-04 10:24:07'),
	(581, 'STD/00023', 25, 49, 1, 38, 2, 1, '2021-05-04 10:24:07', '2021-05-04 10:24:07'),
	(582, 'STD/00024', 30, 53, 1, 38, 2, 1, '2021-05-04 10:24:07', '2021-05-04 10:24:07'),
	(583, 'STD/00027', 29, 46, 1, 38, 2, 1, '2021-05-04 10:24:07', '2021-05-04 10:24:07'),
	(584, 'STD/00038', 38, 58, 1, 38, 2, 1, '2021-05-04 10:24:07', '2021-05-04 10:24:07'),
	(585, 'STD/00034', 27, 55, 1, 38, 2, 1, '2021-05-04 10:24:07', '2021-05-04 10:24:07'),
	(586, 'STD/00028', 15, 47, 1, 38, 2, 1, '2021-05-04 10:24:07', '2021-05-04 10:24:07'),
	(587, 'STD/00040', 12, 39, 1, 38, 2, 1, '2021-05-04 10:24:07', '2021-05-04 10:24:07'),
	(588, 'STD/00029', 20, 31, 1, 38, 2, 1, '2021-05-04 10:24:07', '2021-05-04 10:24:07'),
	(589, 'STD/00041', 26, 55, 1, 38, 2, 1, '2021-05-04 10:24:07', '2021-05-04 10:24:07'),
	(590, 'STD/00039', 13, 15, 1, 38, 2, 1, '2021-05-04 10:24:07', '2021-05-04 10:24:07'),
	(591, 'STD/00022', 22, 38, 1, 38, 2, 1, '2021-05-04 10:24:07', '2021-05-04 10:24:07'),
	(592, 'STD/00031', 13, 23, 1, 38, 2, 1, '2021-05-04 10:24:07', '2021-05-04 10:24:07'),
	(593, 'STD/00035', 35, 51, 1, 38, 2, 1, '2021-05-04 10:24:07', '2021-05-04 10:24:07'),
	(594, 'STD/00025', 26, 40, 1, 38, 2, 1, '2021-05-04 10:24:07', '2021-05-04 10:24:07'),
	(595, 'STD/00036', 19, 28, 1, 38, 2, 1, '2021-05-04 10:24:07', '2021-05-04 10:24:07'),
	(596, 'STD/00026', 22, 18, 1, 38, 2, 1, '2021-05-04 10:24:07', '2021-05-04 10:24:07'),
	(597, 'STD/00037', 35, 43, 1, 37, 2, 1, '2021-05-04 10:25:10', '2021-05-04 10:25:10'),
	(598, 'STD/00032', 27, 43, 1, 37, 2, 1, '2021-05-04 10:25:10', '2021-05-04 10:25:10'),
	(599, 'STD/00033', 26, 52, 1, 37, 2, 1, '2021-05-04 10:25:10', '2021-05-04 10:25:10'),
	(600, 'STD/00030', 5, 30, 1, 37, 2, 1, '2021-05-04 10:25:10', '2021-05-04 10:25:10'),
	(601, 'STD/00023', 25, 49, 1, 37, 2, 1, '2021-05-04 10:25:10', '2021-05-04 10:25:10'),
	(602, 'STD/00024', 30, 53, 1, 37, 2, 1, '2021-05-04 10:25:10', '2021-05-04 10:25:10'),
	(603, 'STD/00027', 29, 46, 1, 37, 2, 1, '2021-05-04 10:25:10', '2021-05-04 10:25:10'),
	(604, 'STD/00038', 38, 58, 1, 37, 2, 1, '2021-05-04 10:25:10', '2021-05-04 10:25:10'),
	(605, 'STD/00034', 27, 55, 1, 37, 2, 1, '2021-05-04 10:25:10', '2021-05-04 10:25:10'),
	(606, 'STD/00028', 15, 47, 1, 37, 2, 1, '2021-05-04 10:25:10', '2021-05-04 10:25:10'),
	(607, 'STD/00040', 12, 39, 1, 37, 2, 1, '2021-05-04 10:25:10', '2021-05-04 10:25:10'),
	(608, 'STD/00029', 20, 31, 1, 37, 2, 1, '2021-05-04 10:25:10', '2021-05-04 10:25:10'),
	(609, 'STD/00041', 26, 55, 1, 37, 2, 1, '2021-05-04 10:25:10', '2021-05-04 10:25:10'),
	(610, 'STD/00039', 13, 15, 1, 37, 2, 1, '2021-05-04 10:25:10', '2021-05-04 10:25:10'),
	(611, 'STD/00022', 22, 38, 1, 37, 2, 1, '2021-05-04 10:25:10', '2021-05-04 10:25:10'),
	(612, 'STD/00031', 13, 23, 1, 37, 2, 1, '2021-05-04 10:25:10', '2021-05-04 10:25:10'),
	(613, 'STD/00035', 35, 51, 1, 37, 2, 1, '2021-05-04 10:25:10', '2021-05-04 10:25:10'),
	(614, 'STD/00025', 26, 40, 1, 37, 2, 1, '2021-05-04 10:25:10', '2021-05-04 10:25:10'),
	(615, 'STD/00036', 19, 28, 1, 37, 2, 1, '2021-05-04 10:25:10', '2021-05-04 10:25:10'),
	(616, 'STD/00026', 22, 18, 1, 37, 2, 1, '2021-05-04 10:25:10', '2021-05-04 10:25:10'),
	(617, 'STD/00037', 35, 43, 1, 26, 2, 1, '2021-05-04 10:25:28', '2021-05-04 10:25:28'),
	(618, 'STD/00032', 27, 43, 1, 26, 2, 1, '2021-05-04 10:25:28', '2021-05-04 10:25:28'),
	(619, 'STD/00033', 26, 52, 1, 26, 2, 1, '2021-05-04 10:25:28', '2021-05-04 10:25:28'),
	(620, 'STD/00030', 5, 30, 1, 26, 2, 1, '2021-05-04 10:25:28', '2021-05-04 10:25:28'),
	(621, 'STD/00023', 25, 49, 1, 26, 2, 1, '2021-05-04 10:25:28', '2021-05-04 10:25:28'),
	(622, 'STD/00024', 30, 53, 1, 26, 2, 1, '2021-05-04 10:25:28', '2021-05-04 10:25:28'),
	(623, 'STD/00027', 29, 46, 1, 26, 2, 1, '2021-05-04 10:25:28', '2021-05-04 10:25:28'),
	(624, 'STD/00038', 38, 58, 1, 26, 2, 1, '2021-05-04 10:25:28', '2021-05-04 10:25:28'),
	(625, 'STD/00034', 27, 55, 1, 26, 2, 1, '2021-05-04 10:25:28', '2021-05-04 10:25:28'),
	(626, 'STD/00028', 15, 47, 1, 26, 2, 1, '2021-05-04 10:25:28', '2021-05-04 10:25:28'),
	(627, 'STD/00040', 12, 39, 1, 26, 2, 1, '2021-05-04 10:25:28', '2021-05-04 10:25:28'),
	(628, 'STD/00029', 20, 31, 1, 26, 2, 1, '2021-05-04 10:25:28', '2021-05-04 10:25:28'),
	(629, 'STD/00041', 26, 55, 1, 26, 2, 1, '2021-05-04 10:25:28', '2021-05-04 10:25:28'),
	(630, 'STD/00039', 13, 15, 1, 26, 2, 1, '2021-05-04 10:25:28', '2021-05-04 10:25:28'),
	(631, 'STD/00022', 22, 38, 1, 26, 2, 1, '2021-05-04 10:25:28', '2021-05-04 10:25:28'),
	(632, 'STD/00031', 13, 23, 1, 26, 2, 1, '2021-05-04 10:25:28', '2021-05-04 10:25:28'),
	(633, 'STD/00035', 35, 51, 1, 26, 2, 1, '2021-05-04 10:25:28', '2021-05-04 10:25:28'),
	(634, 'STD/00025', 26, 40, 1, 26, 2, 1, '2021-05-04 10:25:28', '2021-05-04 10:25:28'),
	(635, 'STD/00036', 19, 28, 1, 26, 2, 1, '2021-05-04 10:25:28', '2021-05-04 10:25:28'),
	(636, 'STD/00026', 22, 18, 1, 26, 2, 1, '2021-05-04 10:25:28', '2021-05-04 10:25:28'),
	(637, 'STD/00037', 35, 43, 1, 35, 2, 1, '2021-05-04 10:27:53', '2021-05-04 10:27:53'),
	(638, 'STD/00032', 27, 43, 1, 35, 2, 1, '2021-05-04 10:27:53', '2021-05-04 10:27:53'),
	(639, 'STD/00033', 26, 52, 1, 35, 2, 1, '2021-05-04 10:27:53', '2021-05-04 10:27:53'),
	(640, 'STD/00030', 5, 30, 1, 35, 2, 1, '2021-05-04 10:27:53', '2021-05-04 10:27:53'),
	(641, 'STD/00023', 25, 49, 1, 35, 2, 1, '2021-05-04 10:27:53', '2021-05-04 10:27:53'),
	(642, 'STD/00024', 30, 53, 1, 35, 2, 1, '2021-05-04 10:27:53', '2021-05-04 10:27:53'),
	(643, 'STD/00027', 29, 46, 1, 35, 2, 1, '2021-05-04 10:27:53', '2021-05-04 10:27:53'),
	(644, 'STD/00038', 38, 58, 1, 35, 2, 1, '2021-05-04 10:27:53', '2021-05-04 10:27:53'),
	(645, 'STD/00034', 27, 55, 1, 35, 2, 1, '2021-05-04 10:27:53', '2021-05-04 10:27:53'),
	(646, 'STD/00028', 15, 47, 1, 35, 2, 1, '2021-05-04 10:27:53', '2021-05-04 10:27:53'),
	(647, 'STD/00040', 12, 39, 1, 35, 2, 1, '2021-05-04 10:27:53', '2021-05-04 10:27:53'),
	(648, 'STD/00029', 20, 31, 1, 35, 2, 1, '2021-05-04 10:27:53', '2021-05-04 10:27:53'),
	(649, 'STD/00041', 26, 55, 1, 35, 2, 1, '2021-05-04 10:27:53', '2021-05-04 10:27:53'),
	(650, 'STD/00039', 13, 15, 1, 35, 2, 1, '2021-05-04 10:27:53', '2021-05-04 10:27:53'),
	(651, 'STD/00022', 22, 38, 1, 35, 2, 1, '2021-05-04 10:27:53', '2021-05-04 10:27:53'),
	(652, 'STD/00031', 13, 23, 1, 35, 2, 1, '2021-05-04 10:27:53', '2021-05-04 10:27:53'),
	(653, 'STD/00035', 35, 51, 1, 35, 2, 1, '2021-05-04 10:27:53', '2021-05-04 10:27:53'),
	(654, 'STD/00025', 26, 40, 1, 35, 2, 1, '2021-05-04 10:27:53', '2021-05-04 10:27:53'),
	(655, 'STD/00036', 19, 28, 1, 35, 2, 1, '2021-05-04 10:27:53', '2021-05-04 10:27:53'),
	(656, 'STD/00026', 22, 18, 1, 35, 2, 1, '2021-05-04 10:27:53', '2021-05-04 10:27:53'),
	(657, 'STD/00037', 35, 43, 1, 39, 2, 1, '2021-05-04 10:28:10', '2021-05-04 10:28:10'),
	(658, 'STD/00032', 27, 43, 1, 39, 2, 1, '2021-05-04 10:28:10', '2021-05-04 10:28:10'),
	(659, 'STD/00033', 26, 52, 1, 39, 2, 1, '2021-05-04 10:28:10', '2021-05-04 10:28:10'),
	(660, 'STD/00030', 5, 30, 1, 39, 2, 1, '2021-05-04 10:28:10', '2021-05-04 10:28:10'),
	(661, 'STD/00023', 25, 49, 1, 39, 2, 1, '2021-05-04 10:28:10', '2021-05-04 10:28:10'),
	(662, 'STD/00024', 30, 53, 1, 39, 2, 1, '2021-05-04 10:28:10', '2021-05-04 10:28:10'),
	(663, 'STD/00027', 29, 46, 1, 39, 2, 1, '2021-05-04 10:28:10', '2021-05-04 10:28:10'),
	(664, 'STD/00038', 38, 58, 1, 39, 2, 1, '2021-05-04 10:28:10', '2021-05-04 10:28:10'),
	(665, 'STD/00034', 27, 55, 1, 39, 2, 1, '2021-05-04 10:28:10', '2021-05-04 10:28:10'),
	(666, 'STD/00028', 15, 47, 1, 39, 2, 1, '2021-05-04 10:28:10', '2021-05-04 10:28:10'),
	(667, 'STD/00040', 12, 39, 1, 39, 2, 1, '2021-05-04 10:28:10', '2021-05-04 10:28:10'),
	(668, 'STD/00029', 20, 31, 1, 39, 2, 1, '2021-05-04 10:28:10', '2021-05-04 10:28:10'),
	(669, 'STD/00041', 26, 55, 1, 39, 2, 1, '2021-05-04 10:28:10', '2021-05-04 10:28:10'),
	(670, 'STD/00039', 13, 15, 1, 39, 2, 1, '2021-05-04 10:28:10', '2021-05-04 10:28:10'),
	(671, 'STD/00022', 22, 38, 1, 39, 2, 1, '2021-05-04 10:28:10', '2021-05-04 10:28:10'),
	(672, 'STD/00031', 13, 23, 1, 39, 2, 1, '2021-05-04 10:28:10', '2021-05-04 10:28:10'),
	(673, 'STD/00035', 35, 51, 1, 39, 2, 1, '2021-05-04 10:28:10', '2021-05-04 10:28:10'),
	(674, 'STD/00025', 26, 40, 1, 39, 2, 1, '2021-05-04 10:28:10', '2021-05-04 10:28:10'),
	(675, 'STD/00036', 19, 28, 1, 39, 2, 1, '2021-05-04 10:28:10', '2021-05-04 10:28:10'),
	(676, 'STD/00026', 22, 18, 1, 39, 2, 1, '2021-05-04 10:28:10', '2021-05-04 10:28:10'),
	(677, 'STD/00037', 35, 43, 1, 24, 2, 1, '2021-05-04 10:28:23', '2021-05-04 10:28:23'),
	(678, 'STD/00032', 27, 43, 1, 24, 2, 1, '2021-05-04 10:28:23', '2021-05-04 10:28:23'),
	(679, 'STD/00033', 26, 52, 1, 24, 2, 1, '2021-05-04 10:28:23', '2021-05-04 10:28:23'),
	(680, 'STD/00030', 5, 30, 1, 24, 2, 1, '2021-05-04 10:28:23', '2021-05-04 10:28:23'),
	(681, 'STD/00023', 25, 49, 1, 24, 2, 1, '2021-05-04 10:28:23', '2021-05-04 10:28:23'),
	(682, 'STD/00024', 30, 53, 1, 24, 2, 1, '2021-05-04 10:28:23', '2021-05-04 10:28:23'),
	(683, 'STD/00027', 29, 46, 1, 24, 2, 1, '2021-05-04 10:28:23', '2021-05-04 10:28:23'),
	(684, 'STD/00038', 38, 58, 1, 24, 2, 1, '2021-05-04 10:28:23', '2021-05-04 10:28:23'),
	(685, 'STD/00034', 27, 55, 1, 24, 2, 1, '2021-05-04 10:28:23', '2021-05-04 10:28:23'),
	(686, 'STD/00028', 15, 47, 1, 24, 2, 1, '2021-05-04 10:28:23', '2021-05-04 10:28:23'),
	(687, 'STD/00040', 12, 39, 1, 24, 2, 1, '2021-05-04 10:28:23', '2021-05-04 10:28:23'),
	(688, 'STD/00029', 20, 31, 1, 24, 2, 1, '2021-05-04 10:28:23', '2021-05-04 10:28:23'),
	(689, 'STD/00041', 26, 55, 1, 24, 2, 1, '2021-05-04 10:28:23', '2021-05-04 10:28:23'),
	(690, 'STD/00039', 13, 15, 1, 24, 2, 1, '2021-05-04 10:28:23', '2021-05-04 10:28:23'),
	(691, 'STD/00022', 22, 38, 1, 24, 2, 1, '2021-05-04 10:28:23', '2021-05-04 10:28:23'),
	(692, 'STD/00031', 13, 23, 1, 24, 2, 1, '2021-05-04 10:28:23', '2021-05-04 10:28:23'),
	(693, 'STD/00035', 35, 51, 1, 24, 2, 1, '2021-05-04 10:28:23', '2021-05-04 10:28:23'),
	(694, 'STD/00025', 26, 40, 1, 24, 2, 1, '2021-05-04 10:28:23', '2021-05-04 10:28:23'),
	(695, 'STD/00036', 19, 28, 1, 24, 2, 1, '2021-05-04 10:28:23', '2021-05-04 10:28:23'),
	(696, 'STD/00026', 22, 18, 1, 24, 2, 1, '2021-05-04 10:28:23', '2021-05-04 10:28:23'),
	(697, 'STD/00037', 35, 43, 1, 42, 2, 1, '2021-05-04 10:28:53', '2021-05-04 10:28:53'),
	(698, 'STD/00032', 27, 43, 1, 42, 2, 1, '2021-05-04 10:28:53', '2021-05-04 10:28:53'),
	(699, 'STD/00033', 26, 52, 1, 42, 2, 1, '2021-05-04 10:28:53', '2021-05-04 10:28:53'),
	(700, 'STD/00030', 5, 30, 1, 42, 2, 1, '2021-05-04 10:28:53', '2021-05-04 10:28:53'),
	(701, 'STD/00023', 25, 49, 1, 42, 2, 1, '2021-05-04 10:28:53', '2021-05-04 10:28:53'),
	(702, 'STD/00024', 30, 53, 1, 42, 2, 1, '2021-05-04 10:28:53', '2021-05-04 10:28:53'),
	(703, 'STD/00027', 29, 46, 1, 42, 2, 1, '2021-05-04 10:28:53', '2021-05-04 10:28:53'),
	(704, 'STD/00038', 38, 58, 1, 42, 2, 1, '2021-05-04 10:28:53', '2021-05-04 10:28:53'),
	(705, 'STD/00034', 27, 55, 1, 42, 2, 1, '2021-05-04 10:28:53', '2021-05-04 10:28:53'),
	(706, 'STD/00028', 15, 47, 1, 42, 2, 1, '2021-05-04 10:28:53', '2021-05-04 10:28:53'),
	(707, 'STD/00040', 12, 39, 1, 42, 2, 1, '2021-05-04 10:28:53', '2021-05-04 10:28:53'),
	(708, 'STD/00029', 20, 31, 1, 42, 2, 1, '2021-05-04 10:28:53', '2021-05-04 10:28:53'),
	(709, 'STD/00041', 26, 55, 1, 42, 2, 1, '2021-05-04 10:28:53', '2021-05-04 10:28:53'),
	(710, 'STD/00039', 13, 15, 1, 42, 2, 1, '2021-05-04 10:28:53', '2021-05-04 10:28:53'),
	(711, 'STD/00022', 22, 38, 1, 42, 2, 1, '2021-05-04 10:28:53', '2021-05-04 10:28:53'),
	(712, 'STD/00031', 13, 23, 1, 42, 2, 1, '2021-05-04 10:28:53', '2021-05-04 10:28:53'),
	(713, 'STD/00035', 35, 51, 1, 42, 2, 1, '2021-05-04 10:28:53', '2021-05-04 10:28:53'),
	(714, 'STD/00025', 26, 40, 1, 42, 2, 1, '2021-05-04 10:28:53', '2021-05-04 10:28:53'),
	(715, 'STD/00036', 19, 28, 1, 42, 2, 1, '2021-05-04 10:28:53', '2021-05-04 10:28:53'),
	(716, 'STD/00026', 22, 18, 1, 42, 2, 1, '2021-05-04 10:28:53', '2021-05-04 10:28:53'),
	(717, 'STD/00037', 35, 43, 1, 41, 2, 1, '2021-05-04 10:29:40', '2021-05-04 10:29:40'),
	(718, 'STD/00032', 27, 43, 1, 41, 2, 1, '2021-05-04 10:29:40', '2021-05-04 10:29:40'),
	(719, 'STD/00033', 26, 52, 1, 41, 2, 1, '2021-05-04 10:29:40', '2021-05-04 10:29:40'),
	(720, 'STD/00030', 5, 30, 1, 41, 2, 1, '2021-05-04 10:29:40', '2021-05-04 10:29:40'),
	(721, 'STD/00023', 25, 49, 1, 41, 2, 1, '2021-05-04 10:29:40', '2021-05-04 10:29:40'),
	(722, 'STD/00024', 30, 53, 1, 41, 2, 1, '2021-05-04 10:29:40', '2021-05-04 10:29:40'),
	(723, 'STD/00027', 29, 46, 1, 41, 2, 1, '2021-05-04 10:29:40', '2021-05-04 10:29:40'),
	(724, 'STD/00038', 38, 58, 1, 41, 2, 1, '2021-05-04 10:29:40', '2021-05-04 10:29:40'),
	(725, 'STD/00034', 27, 55, 1, 41, 2, 1, '2021-05-04 10:29:40', '2021-05-04 10:29:40'),
	(726, 'STD/00028', 15, 47, 1, 41, 2, 1, '2021-05-04 10:29:40', '2021-05-04 10:29:40'),
	(727, 'STD/00040', 12, 39, 1, 41, 2, 1, '2021-05-04 10:29:40', '2021-05-04 10:29:40'),
	(728, 'STD/00029', 20, 31, 1, 41, 2, 1, '2021-05-04 10:29:40', '2021-05-04 10:29:40'),
	(729, 'STD/00041', 26, 55, 1, 41, 2, 1, '2021-05-04 10:29:40', '2021-05-04 10:29:40'),
	(730, 'STD/00039', 13, 15, 1, 41, 2, 1, '2021-05-04 10:29:40', '2021-05-04 10:29:40'),
	(731, 'STD/00022', 22, 38, 1, 41, 2, 1, '2021-05-04 10:29:40', '2021-05-04 10:29:40'),
	(732, 'STD/00031', 13, 23, 1, 41, 2, 1, '2021-05-04 10:29:40', '2021-05-04 10:29:40'),
	(733, 'STD/00035', 35, 51, 1, 41, 2, 1, '2021-05-04 10:29:40', '2021-05-04 10:29:40'),
	(734, 'STD/00025', 26, 40, 1, 41, 2, 1, '2021-05-04 10:29:40', '2021-05-04 10:29:40'),
	(735, 'STD/00036', 19, 28, 1, 41, 2, 1, '2021-05-04 10:29:40', '2021-05-04 10:29:40'),
	(736, 'STD/00026', 22, 18, 1, 41, 2, 1, '2021-05-04 10:29:40', '2021-05-04 10:29:40'),
	(737, 'STD/00037', 35, 43, 1, 32, 2, 1, '2021-05-04 10:30:01', '2021-05-04 10:30:01'),
	(738, 'STD/00032', 27, 43, 1, 32, 2, 1, '2021-05-04 10:30:01', '2021-05-04 10:30:01'),
	(739, 'STD/00033', 26, 52, 1, 32, 2, 1, '2021-05-04 10:30:01', '2021-05-04 10:30:01'),
	(740, 'STD/00030', 5, 30, 1, 32, 2, 1, '2021-05-04 10:30:01', '2021-05-04 10:30:01'),
	(741, 'STD/00023', 25, 49, 1, 32, 2, 1, '2021-05-04 10:30:01', '2021-05-04 10:30:01'),
	(742, 'STD/00024', 30, 53, 1, 32, 2, 1, '2021-05-04 10:30:01', '2021-05-04 10:30:01'),
	(743, 'STD/00027', 29, 46, 1, 32, 2, 1, '2021-05-04 10:30:01', '2021-05-04 10:30:01'),
	(744, 'STD/00038', 38, 58, 1, 32, 2, 1, '2021-05-04 10:30:01', '2021-05-04 10:30:01'),
	(745, 'STD/00034', 27, 55, 1, 32, 2, 1, '2021-05-04 10:30:01', '2021-05-04 10:30:01'),
	(746, 'STD/00028', 15, 47, 1, 32, 2, 1, '2021-05-04 10:30:01', '2021-05-04 10:30:01'),
	(747, 'STD/00040', 12, 39, 1, 32, 2, 1, '2021-05-04 10:30:01', '2021-05-04 10:30:01'),
	(748, 'STD/00029', 20, 31, 1, 32, 2, 1, '2021-05-04 10:30:01', '2021-05-04 10:30:01'),
	(749, 'STD/00041', 26, 55, 1, 32, 2, 1, '2021-05-04 10:30:01', '2021-05-04 10:30:01'),
	(750, 'STD/00039', 13, 15, 1, 32, 2, 1, '2021-05-04 10:30:01', '2021-05-04 10:30:01'),
	(751, 'STD/00022', 22, 38, 1, 32, 2, 1, '2021-05-04 10:30:01', '2021-05-04 10:30:01'),
	(752, 'STD/00031', 13, 23, 1, 32, 2, 1, '2021-05-04 10:30:01', '2021-05-04 10:30:01'),
	(753, 'STD/00035', 35, 51, 1, 32, 2, 1, '2021-05-04 10:30:01', '2021-05-04 10:30:01'),
	(754, 'STD/00025', 26, 40, 1, 32, 2, 1, '2021-05-04 10:30:01', '2021-05-04 10:30:01'),
	(755, 'STD/00036', 19, 28, 1, 32, 2, 1, '2021-05-04 10:30:01', '2021-05-04 10:30:01'),
	(756, 'STD/00026', 22, 18, 1, 32, 2, 1, '2021-05-04 10:30:01', '2021-05-04 10:30:01'),
	(757, 'STD/00037', 35, 43, 1, 44, 2, 1, '2021-05-04 10:38:53', '2021-05-04 10:38:53'),
	(758, 'STD/00032', 27, 43, 1, 44, 2, 1, '2021-05-04 10:38:53', '2021-05-04 10:38:53'),
	(759, 'STD/00033', 26, 52, 1, 44, 2, 1, '2021-05-04 10:38:53', '2021-05-04 10:38:53'),
	(760, 'STD/00030', 5, 30, 1, 44, 2, 1, '2021-05-04 10:38:53', '2021-05-04 10:38:53'),
	(761, 'STD/00023', 25, 49, 1, 44, 2, 1, '2021-05-04 10:38:53', '2021-05-04 10:38:53'),
	(762, 'STD/00024', 30, 53, 1, 44, 2, 1, '2021-05-04 10:38:53', '2021-05-04 10:38:53'),
	(763, 'STD/00027', 29, 46, 1, 44, 2, 1, '2021-05-04 10:38:53', '2021-05-04 10:38:53'),
	(764, 'STD/00038', 38, 58, 1, 44, 2, 1, '2021-05-04 10:38:53', '2021-05-04 10:38:53'),
	(765, 'STD/00034', 27, 55, 1, 44, 2, 1, '2021-05-04 10:38:53', '2021-05-04 10:38:53'),
	(766, 'STD/00028', 15, 47, 1, 44, 2, 1, '2021-05-04 10:38:53', '2021-05-04 10:38:53'),
	(767, 'STD/00040', 12, 39, 1, 44, 2, 1, '2021-05-04 10:38:53', '2021-05-04 10:38:53'),
	(768, 'STD/00029', 20, 31, 1, 44, 2, 1, '2021-05-04 10:38:53', '2021-05-04 10:38:53'),
	(769, 'STD/00041', 26, 55, 1, 44, 2, 1, '2021-05-04 10:38:53', '2021-05-04 10:38:53'),
	(770, 'STD/00039', 13, 15, 1, 44, 2, 1, '2021-05-04 10:38:53', '2021-05-04 10:38:53'),
	(771, 'STD/00022', 22, 38, 1, 44, 2, 1, '2021-05-04 10:38:53', '2021-05-04 10:38:53'),
	(772, 'STD/00031', 13, 23, 1, 44, 2, 1, '2021-05-04 10:38:53', '2021-05-04 10:38:53'),
	(773, 'STD/00035', 35, 51, 1, 44, 2, 1, '2021-05-04 10:38:53', '2021-05-04 10:38:53'),
	(774, 'STD/00025', 26, 40, 1, 44, 2, 1, '2021-05-04 10:38:53', '2021-05-04 10:38:53'),
	(775, 'STD/00036', 19, 28, 1, 44, 2, 1, '2021-05-04 10:38:53', '2021-05-04 10:38:53'),
	(776, 'STD/00026', 22, 18, 1, 44, 2, 1, '2021-05-04 10:38:53', '2021-05-04 10:38:53');
/*!40000 ALTER TABLE `results` ENABLE KEYS */;

-- Dumping structure for table dhsn_sms.roles
CREATE TABLE IF NOT EXISTS `roles` (
  `id` bigint(20) unsigned NOT NULL AUTO_INCREMENT,
  `name` varchar(255) COLLATE utf8mb4_unicode_ci NOT NULL,
  `created_at` timestamp NULL DEFAULT NULL,
  `updated_at` timestamp NULL DEFAULT NULL,
  PRIMARY KEY (`id`)
) ENGINE=InnoDB AUTO_INCREMENT=5 DEFAULT CHARSET=utf8mb4 COLLATE=utf8mb4_unicode_ci;

-- Dumping data for table dhsn_sms.roles: ~4 rows (approximately)
/*!40000 ALTER TABLE `roles` DISABLE KEYS */;
INSERT INTO `roles` (`id`, `name`, `created_at`, `updated_at`) VALUES
	(1, 'Admin', '2021-03-27 04:36:24', '2021-03-27 04:36:24'),
	(2, 'Teacher', '2021-03-27 04:36:24', '2021-03-27 04:36:24'),
	(3, 'Student', '2021-03-27 04:36:58', '2021-03-27 04:36:58'),
	(4, 'Guardian', '2021-03-27 04:37:12', '2021-03-27 04:37:12');
/*!40000 ALTER TABLE `roles` ENABLE KEYS */;

-- Dumping structure for table dhsn_sms.role_user
CREATE TABLE IF NOT EXISTS `role_user` (
  `role_id` bigint(20) unsigned NOT NULL,
  `user_id` char(36) COLLATE utf8mb4_unicode_ci NOT NULL,
  KEY `role_user_role_id_foreign` (`role_id`),
  KEY `role_user_user_id_foreign` (`user_id`),
  CONSTRAINT `role_user_role_id_foreign` FOREIGN KEY (`role_id`) REFERENCES `roles` (`id`) ON DELETE CASCADE,
  CONSTRAINT `role_user_user_id_foreign` FOREIGN KEY (`user_id`) REFERENCES `users` (`id`) ON DELETE CASCADE
) ENGINE=InnoDB DEFAULT CHARSET=utf8mb4 COLLATE=utf8mb4_unicode_ci;

-- Dumping data for table dhsn_sms.role_user: ~62 rows (approximately)
/*!40000 ALTER TABLE `role_user` DISABLE KEYS */;
INSERT INTO `role_user` (`role_id`, `user_id`) VALUES
	(4, '65718582-f344-445a-9d86-c260b288cde2'),
	(2, 'abdd6f34-d2bb-4134-bfcd-2a6954e78b73'),
	(1, '63161595-28cc-4db5-88b9-c8d2bae9cc4b'),
	(2, '7b0167d6-59cf-455e-b87e-40aefc55e3d4'),
	(3, 'aa4d8266-5a7c-4f74-85ee-5cc3501cb370'),
	(3, 'cea2b55c-73d1-4fe4-b5a4-17852d008938'),
	(3, '11258403-f8a6-45ac-b22a-cf90c8c84833'),
	(3, 'a68e2b56-04ff-40b6-a020-624eb117f8b0'),
	(3, '7eedcb91-e8cc-419c-8f32-406b7678e33d'),
	(3, '969ef8cf-afec-49bb-b400-105416c1f10d'),
	(3, '4c1e639d-b475-4255-9a31-df9e8983a142'),
	(3, 'dc9e1b25-6d28-4be8-b128-006d1623cde0'),
	(3, '6990c512-0a7a-4134-95d8-251fe1cd2fd1'),
	(3, '8a811f61-e3d3-41cb-bb0b-36ce253870f2'),
	(3, '3e4361d3-d0c1-434a-9e4e-9726be6c23fe'),
	(3, '37f241fd-e644-470a-8cd6-28b70f64d9ec'),
	(3, '98feba31-bf31-4af7-b70f-11311519c885'),
	(3, '3597f0da-b91f-482c-a90d-b0a2508433c9'),
	(3, '7d91d7f9-b7e2-46aa-92d6-0b223b79c437'),
	(3, '3180a76b-a5b2-4468-b9cd-41a7fc9c7fe7'),
	(3, '0d686536-d8cb-49c4-91c5-52e8cf10e036'),
	(3, '07c174bc-cb9b-4d2f-8af2-0aa9245f9dde'),
	(3, 'fe5ecdb7-177a-47a4-8e61-316ac09e04e9'),
	(3, '68dc03e9-df17-4f7e-aa1f-550d585e38e9'),
	(3, '1736403d-e128-4d7d-9641-0245b45be7f1'),
	(3, '02dfbe51-0416-45e9-b644-9f092fa31082'),
	(3, '1fb5e4e8-d59f-4991-a616-f02a0edad6bc'),
	(3, '94d12b40-c3b0-433d-af35-b70892f568bd'),
	(3, 'd01d6ced-d6aa-40df-b6f0-6f7719076d72'),
	(3, 'cf393f19-f9f5-4b1b-a3dd-259a9d069bb1'),
	(3, 'e9024b3b-4364-4684-b499-ed9a48b5983b'),
	(3, '51a5b5c4-dd0d-4be3-a088-c2345f359efa'),
	(3, '8872ff32-691b-482a-ae3f-7ea50c58232e'),
	(3, '1270dfbe-0bb2-4f6c-b537-12d68841ee6a'),
	(3, 'f5d67d86-2e9c-43bf-9b56-c2e988f7a970'),
	(3, 'e2706a53-cfe8-4513-a1ee-71769249cb8d'),
	(3, '79029ad3-bc8e-4a6b-8383-da13c7440b86'),
	(3, 'c394f93a-4f0c-4802-b680-c03f1255f634'),
	(3, '13048d7c-933b-4347-b1d2-b1842aaf6925'),
	(3, 'dbea63bb-1f41-488a-ad04-1797af5d3ead'),
	(3, '23b07c86-6cff-4677-919e-f98ce37f45ad'),
	(3, '28e440ef-f25a-45c7-afc1-9f36f19bf391'),
	(3, '6b0dd3b4-6161-413b-801d-1a94b29bc50c'),
	(3, 'c71aa087-e9cc-41ee-ac0f-8cc5a50ec2ab'),
	(3, '3b759d13-4017-470b-be74-309917434ad3'),
	(3, 'e031ae54-12ac-4c84-8567-8f94ba285456'),
	(3, '0b14fe92-a902-4e10-926b-deac3b592723'),
	(3, '274ce36c-86e9-4ac7-844b-2fba64b26636'),
	(3, 'ae4c6a9f-c68a-4156-8d85-df33348e9883'),
	(3, 'bf4e09dc-838f-4594-9d8b-284ebef4ca2c'),
	(3, '9ce5619c-555b-42c3-81de-171867ad8344'),
	(3, '9e5f9c12-6dc4-417d-a304-eff786c7e4f6'),
	(3, 'aa652dc6-be24-484e-9b0b-d9b004ef2a07'),
	(3, '6b449179-2df4-4eaa-971b-b1f9c4c5edfa'),
	(3, 'ba88db18-bcc1-402d-aef9-71e6a0add50d'),
	(3, 'b8b5c261-c90d-4bf3-9a9a-acc2e296769e'),
	(3, '308a07b6-3cd6-40ba-a149-c2087054137b'),
	(3, 'cdb82cd0-3018-4639-a8bf-549b79cc0b68'),
	(3, '86dd20a1-641c-49b8-b8ad-c3490c8d7581'),
	(3, '38c35e30-0ddf-4039-83dd-5bc94b8a78d5'),
	(3, '2c620a78-1b1d-4709-afee-336b69b0993f'),
	(3, '43e1ca00-2dce-4415-b54e-59399e0e66f6');
/*!40000 ALTER TABLE `role_user` ENABLE KEYS */;

-- Dumping structure for table dhsn_sms.sections
CREATE TABLE IF NOT EXISTS `sections` (
  `id` bigint(20) unsigned NOT NULL AUTO_INCREMENT,
  `name` varchar(255) COLLATE utf8mb4_unicode_ci NOT NULL,
  `start_date` date NOT NULL,
  `end_date` date NOT NULL,
  `status` varchar(255) COLLATE utf8mb4_unicode_ci NOT NULL,
  `created_at` timestamp NULL DEFAULT NULL,
  `updated_at` timestamp NULL DEFAULT NULL,
  PRIMARY KEY (`id`)
) ENGINE=InnoDB AUTO_INCREMENT=2 DEFAULT CHARSET=utf8mb4 COLLATE=utf8mb4_unicode_ci;

-- Dumping data for table dhsn_sms.sections: ~0 rows (approximately)
/*!40000 ALTER TABLE `sections` DISABLE KEYS */;
INSERT INTO `sections` (`id`, `name`, `start_date`, `end_date`, `status`, `created_at`, `updated_at`) VALUES
	(1, '2020/2021', '2020-09-10', '2021-11-26', 'open', '2021-04-13 10:27:10', '2021-04-13 10:27:10');
/*!40000 ALTER TABLE `sections` ENABLE KEYS */;

-- Dumping structure for table dhsn_sms.states
CREATE TABLE IF NOT EXISTS `states` (
  `id` bigint(20) unsigned NOT NULL AUTO_INCREMENT,
  `name` varchar(255) COLLATE utf8mb4_unicode_ci NOT NULL,
  `created_at` timestamp NULL DEFAULT NULL,
  `updated_at` timestamp NULL DEFAULT NULL,
  PRIMARY KEY (`id`)
) ENGINE=InnoDB AUTO_INCREMENT=38 DEFAULT CHARSET=utf8mb4 COLLATE=utf8mb4_unicode_ci;

-- Dumping data for table dhsn_sms.states: ~37 rows (approximately)
/*!40000 ALTER TABLE `states` DISABLE KEYS */;
INSERT INTO `states` (`id`, `name`, `created_at`, `updated_at`) VALUES
	(1, 'Abia', NULL, NULL),
	(2, 'Adamawa', NULL, NULL),
	(3, 'Akwa Ibom', NULL, NULL),
	(4, 'Anambra', NULL, NULL),
	(5, 'Bauchi', NULL, NULL),
	(6, 'Bayelsa', NULL, NULL),
	(7, 'Benue', NULL, NULL),
	(8, 'Borno', NULL, NULL),
	(9, 'Cross River', NULL, NULL),
	(10, 'Delta', NULL, NULL),
	(11, 'Ebonyi', NULL, NULL),
	(12, 'Edo', NULL, NULL),
	(13, 'Ekiti', NULL, NULL),
	(14, 'Enugu', NULL, NULL),
	(15, 'FCT', NULL, NULL),
	(16, 'Gombe', NULL, NULL),
	(17, 'Imo', NULL, NULL),
	(18, 'Jigawa', NULL, NULL),
	(19, 'Kaduna', NULL, NULL),
	(20, 'Kano', NULL, NULL),
	(21, 'Katsina', NULL, NULL),
	(22, 'Kebbi', NULL, NULL),
	(23, 'Kogi', NULL, NULL),
	(24, 'Kwara', NULL, NULL),
	(25, 'Lagos', NULL, NULL),
	(26, 'Nasarawa', NULL, NULL),
	(27, 'Niger', NULL, NULL),
	(28, 'Ogun', NULL, NULL),
	(29, 'Ondo', NULL, NULL),
	(30, 'Osun', NULL, NULL),
	(31, 'Oyo', NULL, NULL),
	(32, 'Plateau', NULL, NULL),
	(33, 'Rivers', NULL, NULL),
	(34, 'Sokoto', NULL, NULL),
	(35, 'Taraba', NULL, NULL),
	(36, 'Yobe', NULL, NULL),
	(37, 'Zamfara', NULL, NULL);
/*!40000 ALTER TABLE `states` ENABLE KEYS */;

-- Dumping structure for table dhsn_sms.students
CREATE TABLE IF NOT EXISTS `students` (
  `id` bigint(20) unsigned NOT NULL AUTO_INCREMENT,
  `user_id` char(36) COLLATE utf8mb4_unicode_ci NOT NULL,
  `student_id` varchar(255) COLLATE utf8mb4_unicode_ci NOT NULL,
  `admission_no` varchar(255) COLLATE utf8mb4_unicode_ci DEFAULT NULL,
  `fname` varchar(255) COLLATE utf8mb4_unicode_ci DEFAULT NULL,
  `mname` varchar(255) COLLATE utf8mb4_unicode_ci DEFAULT NULL,
  `lname` varchar(255) COLLATE utf8mb4_unicode_ci DEFAULT NULL,
  `dob` date DEFAULT NULL,
  `gender` varchar(255) COLLATE utf8mb4_unicode_ci DEFAULT NULL,
  `nationality` varchar(255) COLLATE utf8mb4_unicode_ci DEFAULT NULL,
  `address` varchar(255) COLLATE utf8mb4_unicode_ci DEFAULT NULL,
  `state_id` bigint(20) unsigned DEFAULT NULL,
  `lga_id` bigint(20) unsigned DEFAULT NULL,
  `level_id` bigint(20) unsigned DEFAULT NULL,
  `arm_id` bigint(20) unsigned DEFAULT NULL,
  `guardian_id` bigint(20) unsigned DEFAULT NULL,
  `passport` blob,
  `addmited_date` date DEFAULT NULL,
  `deleted_at` timestamp NULL DEFAULT NULL,
  `created_at` timestamp NULL DEFAULT NULL,
  `updated_at` timestamp NULL DEFAULT NULL,
  PRIMARY KEY (`id`),
  UNIQUE KEY `students_student_id_unique` (`student_id`),
  KEY `students_state_id_foreign` (`state_id`),
  KEY `students_lga_id_foreign` (`lga_id`),
  KEY `students_level_id_foreign` (`level_id`),
  KEY `students_user_id_foreign` (`user_id`),
  KEY `students_arm_id_foreign` (`arm_id`),
  KEY `students_guardian_id_foreign` (`guardian_id`),
  CONSTRAINT `students_arm_id_foreign` FOREIGN KEY (`arm_id`) REFERENCES `arms` (`id`),
  CONSTRAINT `students_guardian_id_foreign` FOREIGN KEY (`guardian_id`) REFERENCES `guardians` (`id`),
  CONSTRAINT `students_level_id_foreign` FOREIGN KEY (`level_id`) REFERENCES `levels` (`id`),
  CONSTRAINT `students_lga_id_foreign` FOREIGN KEY (`lga_id`) REFERENCES `lgas` (`id`),
  CONSTRAINT `students_state_id_foreign` FOREIGN KEY (`state_id`) REFERENCES `states` (`id`),
  CONSTRAINT `students_user_id_foreign` FOREIGN KEY (`user_id`) REFERENCES `users` (`id`) ON DELETE CASCADE
) ENGINE=InnoDB AUTO_INCREMENT=59 DEFAULT CHARSET=utf8mb4 COLLATE=utf8mb4_unicode_ci;

-- Dumping data for table dhsn_sms.students: ~42 rows (approximately)
/*!40000 ALTER TABLE `students` DISABLE KEYS */;
INSERT INTO `students` (`id`, `user_id`, `student_id`, `admission_no`, `fname`, `mname`, `lname`, `dob`, `gender`, `nationality`, `address`, `state_id`, `lga_id`, `level_id`, `arm_id`, `guardian_id`, `passport`, `addmited_date`, `deleted_at`, `created_at`, `updated_at`) VALUES
	(17, '0d686536-d8cb-49c4-91c5-52e8cf10e036', 'STD/00000', 'SACHIS20JS1149', 'ABDULLAHI ABDULHAMID UMAR', NULL, NULL, NULL, NULL, NULL, NULL, NULL, NULL, 1, NULL, NULL, NULL, NULL, NULL, '2021-05-02 20:34:29', '2021-05-02 20:34:29'),
	(18, '07c174bc-cb9b-4d2f-8af2-0aa9245f9dde', 'STD/00001', 'SACHIS20JS1096', 'ABDULLAHI ALIYUIDRIS', NULL, NULL, NULL, NULL, NULL, NULL, NULL, NULL, 1, NULL, NULL, NULL, NULL, NULL, '2021-05-02 20:34:29', '2021-05-02 20:34:29'),
	(19, 'fe5ecdb7-177a-47a4-8e61-316ac09e04e9', 'STD/00002', 'SACHIS19JS1099', 'ABDULLAHI  GALI NASIDI', NULL, NULL, NULL, NULL, NULL, NULL, NULL, NULL, 1, NULL, NULL, NULL, NULL, NULL, '2021-05-02 20:34:30', '2021-05-02 20:34:30'),
	(20, '68dc03e9-df17-4f7e-aa1f-550d585e38e9', 'STD/00003', 'SACHIS19JS1097', 'ABDULMAJEED NURA MUAZ', NULL, NULL, NULL, NULL, NULL, NULL, NULL, NULL, 1, NULL, NULL, NULL, NULL, NULL, '2021-05-02 20:34:30', '2021-05-02 20:34:30'),
	(21, '1736403d-e128-4d7d-9641-0245b45be7f1', 'STD/00004', 'SACHIS20JS1137', 'ABDULMUSAWWIR MUAZU', NULL, NULL, NULL, NULL, NULL, NULL, NULL, NULL, 1, NULL, NULL, NULL, NULL, NULL, '2021-05-02 20:34:30', '2021-05-02 20:34:30'),
	(22, '02dfbe51-0416-45e9-b644-9f092fa31082', 'STD/00005', 'SACHIS19JS1109', 'ABUBAKAR IBRAHIM YUSUF', NULL, NULL, NULL, NULL, NULL, NULL, NULL, NULL, 1, NULL, NULL, NULL, NULL, NULL, '2021-05-02 20:34:30', '2021-05-02 20:34:30'),
	(23, '1fb5e4e8-d59f-4991-a616-f02a0edad6bc', 'STD/00006', 'SACHIS20JS1148', 'ADAMU AHMAD', NULL, NULL, NULL, NULL, NULL, NULL, NULL, NULL, 1, NULL, NULL, NULL, NULL, NULL, '2021-05-02 20:34:30', '2021-05-02 20:34:30'),
	(24, '94d12b40-c3b0-433d-af35-b70892f568bd', 'STD/00007', 'SACHIS20JS1140', 'ALIYU UMAR', NULL, NULL, NULL, NULL, NULL, NULL, NULL, NULL, 1, NULL, NULL, NULL, NULL, NULL, '2021-05-02 20:34:30', '2021-05-02 20:34:30'),
	(25, 'd01d6ced-d6aa-40df-b6f0-6f7719076d72', 'STD/00008', 'SACHIS20JS1121', 'AMINU AHMED ', NULL, NULL, NULL, NULL, NULL, NULL, NULL, NULL, 1, NULL, NULL, NULL, NULL, NULL, '2021-05-02 20:34:30', '2021-05-02 20:34:30'),
	(26, 'cf393f19-f9f5-4b1b-a3dd-259a9d069bb1', 'STD/00009', 'SACHIS19JS1117', 'BILYAMINU SAIDOU MAIKASUWA', NULL, NULL, NULL, NULL, NULL, NULL, NULL, NULL, 1, NULL, NULL, NULL, NULL, NULL, '2021-05-02 20:34:30', '2021-05-02 20:34:30'),
	(27, 'e9024b3b-4364-4684-b499-ed9a48b5983b', 'STD/00010', 'SACHIS20JS1127', 'HABIBU ISAH ADAM', NULL, NULL, NULL, NULL, NULL, NULL, NULL, NULL, 1, NULL, NULL, NULL, NULL, NULL, '2021-05-02 20:34:30', '2021-05-02 20:34:30'),
	(28, '51a5b5c4-dd0d-4be3-a088-c2345f359efa', 'STD/00011', 'SACHIS20JS1151', 'JAAFAR ABDULHAMID UMAR', NULL, NULL, NULL, NULL, NULL, NULL, NULL, NULL, 1, NULL, NULL, NULL, NULL, NULL, '2021-05-02 20:34:30', '2021-05-02 20:34:30'),
	(29, '8872ff32-691b-482a-ae3f-7ea50c58232e', 'STD/00012', 'SACHIS19JS1113', 'SAADOU RUFAI SAADOU', NULL, NULL, NULL, NULL, NULL, NULL, NULL, NULL, 1, NULL, NULL, NULL, NULL, NULL, '2021-05-02 20:34:30', '2021-05-02 20:34:30'),
	(30, '1270dfbe-0bb2-4f6c-b537-12d68841ee6a', 'STD/00013', 'SACHIS19JS1111', 'MUHAMMAD FAISAL LAWAL', NULL, NULL, NULL, NULL, NULL, NULL, NULL, NULL, 1, NULL, NULL, NULL, NULL, NULL, '2021-05-02 20:34:30', '2021-05-02 20:34:30'),
	(31, 'f5d67d86-2e9c-43bf-9b56-c2e988f7a970', 'STD/00014', 'SACHIS20JS1150', 'MUHAMMAD NURA SULAIMAN', NULL, NULL, NULL, NULL, NULL, NULL, NULL, NULL, 1, NULL, NULL, NULL, NULL, NULL, '2021-05-02 20:34:30', '2021-05-02 20:34:30'),
	(32, 'e2706a53-cfe8-4513-a1ee-71769249cb8d', 'STD/00015', 'SACHIS19JS1100', 'MUKTAR MUHAMMAD SHEHU', NULL, NULL, NULL, NULL, NULL, NULL, NULL, NULL, 1, NULL, NULL, NULL, NULL, NULL, '2021-05-02 20:34:30', '2021-05-02 20:34:30'),
	(33, '79029ad3-bc8e-4a6b-8383-da13c7440b86', 'STD/00016', 'SACHIS20JS1128', 'MUSA HARUNA KUGU', NULL, NULL, NULL, NULL, NULL, NULL, NULL, NULL, 1, NULL, NULL, NULL, NULL, NULL, '2021-05-02 20:34:30', '2021-05-02 20:34:30'),
	(34, 'c394f93a-4f0c-4802-b680-c03f1255f634', 'STD/00017', 'SACHIS19JS1104', 'MUSA SALIHU NAMAMA', NULL, NULL, NULL, NULL, NULL, NULL, NULL, NULL, 1, NULL, NULL, NULL, NULL, NULL, '2021-05-02 20:34:30', '2021-05-02 20:34:30'),
	(35, '13048d7c-933b-4347-b1d2-b1842aaf6925', 'STD/00018', 'SACHIS19JS1101', 'SULAIMAN SAIDU', NULL, NULL, NULL, NULL, NULL, NULL, NULL, NULL, 1, NULL, NULL, NULL, NULL, NULL, '2021-05-02 20:34:30', '2021-05-02 20:34:30'),
	(36, 'dbea63bb-1f41-488a-ad04-1797af5d3ead', 'STD/00019', 'SACHIS19JS1105', 'USMAN BELLO', NULL, NULL, NULL, NULL, NULL, NULL, NULL, NULL, 1, NULL, NULL, NULL, NULL, NULL, '2021-05-02 20:34:30', '2021-05-02 20:34:30'),
	(37, '23b07c86-6cff-4677-919e-f98ce37f45ad', 'STD/00020', 'SACHIS19JS1098', 'USMAN ISMAIL', NULL, NULL, NULL, NULL, NULL, NULL, NULL, NULL, 1, NULL, NULL, NULL, NULL, NULL, '2021-05-02 20:34:30', '2021-05-02 20:34:30'),
	(38, '28e440ef-f25a-45c7-afc1-9f36f19bf391', 'STD/00021', 'SACHIS19JS1112', 'JAAFAR  HAMISU ISA', NULL, NULL, NULL, NULL, NULL, NULL, NULL, NULL, 1, NULL, NULL, NULL, NULL, NULL, '2021-05-02 20:52:21', '2021-05-02 20:52:21'),
	(39, '6b0dd3b4-6161-413b-801d-1a94b29bc50c', 'STD/00022', 'SACHIS19JS1082', 'MUHAMMAD HASSAN JIBRIL', NULL, NULL, NULL, NULL, NULL, NULL, NULL, NULL, 2, NULL, NULL, NULL, NULL, NULL, '2021-05-04 10:08:34', '2021-05-04 10:08:34'),
	(40, 'c71aa087-e9cc-41ee-ac0f-8cc5a50ec2ab', 'STD/00023', 'SACHIS19JS1086', 'AHMAD ALIYU ADAM', NULL, NULL, NULL, NULL, NULL, NULL, NULL, NULL, 2, NULL, NULL, NULL, NULL, NULL, '2021-05-04 10:08:34', '2021-05-04 10:08:34'),
	(41, '3b759d13-4017-470b-be74-309917434ad3', 'STD/00024', 'SACHIS19JS1088', 'AHMAD SAID HASKE', NULL, NULL, NULL, NULL, NULL, NULL, NULL, NULL, 2, NULL, NULL, NULL, NULL, NULL, '2021-05-04 10:08:34', '2021-05-04 10:08:34'),
	(42, 'e031ae54-12ac-4c84-8567-8f94ba285456', 'STD/00025', 'SACHIS19JS1093', 'SUFYANU AYUBA ISAH', NULL, NULL, NULL, NULL, NULL, NULL, NULL, NULL, 2, NULL, NULL, NULL, NULL, NULL, '2021-05-04 10:08:34', '2021-05-04 10:08:34'),
	(43, '0b14fe92-a902-4e10-926b-deac3b592723', 'STD/00026', 'SACHIS19JS1094', 'YUSUFABDULAZAZMUAZ', NULL, NULL, NULL, NULL, NULL, NULL, NULL, NULL, 2, NULL, NULL, NULL, NULL, NULL, '2021-05-04 10:08:35', '2021-05-04 10:08:35'),
	(44, '274ce36c-86e9-4ac7-844b-2fba64b26636', 'STD/00027', 'SACHIS19JS1095', 'FATIMA RIDWAN IBRAHIM', NULL, NULL, NULL, NULL, NULL, NULL, NULL, NULL, 2, NULL, NULL, NULL, NULL, NULL, '2021-05-04 10:08:35', '2021-05-04 10:08:35'),
	(45, 'ae4c6a9f-c68a-4156-8d85-df33348e9883', 'STD/00028', 'SACHIS19JS1114', 'ISAH HAMISU ISAH', NULL, NULL, NULL, NULL, NULL, NULL, NULL, NULL, 2, NULL, NULL, NULL, NULL, NULL, '2021-05-04 10:08:35', '2021-05-04 10:08:35'),
	(46, 'bf4e09dc-838f-4594-9d8b-284ebef4ca2c', 'STD/00029', 'SACHIS19JS1115', 'MARYAMMUHAMMADINKAYA', NULL, NULL, NULL, NULL, NULL, NULL, NULL, NULL, 2, NULL, NULL, NULL, NULL, NULL, '2021-05-04 10:08:35', '2021-05-04 10:08:35'),
	(47, '9ce5619c-555b-42c3-81de-171867ad8344', 'STD/00030', 'SACHIS19JS1185', 'AHMAD ABDULHAMID', NULL, NULL, NULL, NULL, NULL, NULL, NULL, NULL, 2, NULL, NULL, NULL, NULL, NULL, '2021-05-04 10:08:35', '2021-05-04 10:08:35'),
	(48, '9e5f9c12-6dc4-417d-a304-eff786c7e4f6', 'STD/00031', 'SACHIS19JS1192', 'MUHAMMAD SANI MUSA', NULL, NULL, NULL, NULL, NULL, NULL, NULL, NULL, 2, NULL, NULL, NULL, NULL, NULL, '2021-05-04 10:08:35', '2021-05-04 10:08:35'),
	(49, 'aa652dc6-be24-484e-9b0b-d9b004ef2a07', 'STD/00032', 'SACHIS20JS1082', 'ABDULLAHI HUSSANI ABDULLAHI', NULL, NULL, NULL, NULL, NULL, NULL, NULL, NULL, 2, NULL, NULL, NULL, NULL, NULL, '2021-05-04 10:08:35', '2021-05-04 10:08:35'),
	(50, '6b449179-2df4-4eaa-971b-b1f9c4c5edfa', 'STD/00033', 'SACHIS20JS1084', 'ABDURRAHMAN MURTALA ZAKARIYYAH', NULL, NULL, NULL, NULL, NULL, NULL, NULL, NULL, 2, NULL, NULL, NULL, NULL, NULL, '2021-05-04 10:08:35', '2021-05-04 10:08:35'),
	(51, 'ba88db18-bcc1-402d-aef9-71e6a0add50d', 'STD/00034', 'SACHIS20JS1126', 'HARUNA MUHAMMAD BAJI', NULL, NULL, NULL, NULL, NULL, NULL, NULL, NULL, 2, NULL, NULL, NULL, NULL, NULL, '2021-05-04 10:08:35', '2021-05-04 10:08:35'),
	(52, 'b8b5c261-c90d-4bf3-9a9a-acc2e296769e', 'STD/00035', 'SACHIS20JS1131', 'MUSTAPHA UMAR KANGIWA', NULL, NULL, NULL, NULL, NULL, NULL, NULL, NULL, 2, NULL, NULL, NULL, NULL, NULL, '2021-05-04 10:08:35', '2021-05-04 10:08:35'),
	(53, '308a07b6-3cd6-40ba-a149-c2087054137b', 'STD/00036', 'SACHIS20JS1133', 'YUSUF ABDULLAHI KANGIWA', NULL, NULL, NULL, NULL, NULL, NULL, NULL, NULL, 2, NULL, NULL, NULL, NULL, NULL, '2021-05-04 10:08:35', '2021-05-04 10:08:35'),
	(54, 'cdb82cd0-3018-4639-a8bf-549b79cc0b68', 'STD/00037', 'SACHIS20JS1135', 'ABDULLAHI AHMAD', NULL, NULL, NULL, NULL, NULL, NULL, NULL, NULL, 2, NULL, NULL, NULL, NULL, NULL, '2021-05-04 10:08:35', '2021-05-04 10:08:35'),
	(55, '86dd20a1-641c-49b8-b8ad-c3490c8d7581', 'STD/00038', 'SACHIS20JS1138', 'HAYATU BELLO KANGIWA', NULL, NULL, NULL, NULL, NULL, NULL, NULL, NULL, 2, NULL, NULL, NULL, NULL, NULL, '2021-05-04 10:08:35', '2021-05-04 10:08:35'),
	(56, '38c35e30-0ddf-4039-83dd-5bc94b8a78d5', 'STD/00039', 'SACHIS20JS1141', 'MUHAMMAD AMIN SAEED', NULL, NULL, NULL, NULL, NULL, NULL, NULL, NULL, 2, NULL, NULL, NULL, NULL, NULL, '2021-05-04 10:08:35', '2021-05-04 10:08:35'),
	(57, '2c620a78-1b1d-4709-afee-336b69b0993f', 'STD/00040', 'SACHIS20JS1146', 'KHALIDABUBAKARKHALID', NULL, NULL, NULL, NULL, NULL, NULL, NULL, NULL, 2, NULL, NULL, NULL, NULL, NULL, '2021-05-04 10:08:35', '2021-05-04 10:08:35'),
	(58, '43e1ca00-2dce-4415-b54e-59399e0e66f6', 'STD/00041', 'SACHIS20JS1147', 'MUHAMMADABUBAKARKHALID', NULL, NULL, NULL, NULL, NULL, NULL, NULL, NULL, 2, NULL, NULL, NULL, NULL, NULL, '2021-05-04 10:08:35', '2021-05-04 10:08:35');
/*!40000 ALTER TABLE `students` ENABLE KEYS */;

-- Dumping structure for table dhsn_sms.subjects
CREATE TABLE IF NOT EXISTS `subjects` (
  `id` bigint(20) unsigned NOT NULL AUTO_INCREMENT,
  `name` varchar(255) CHARACTER SET utf8 NOT NULL,
  `created_at` timestamp NULL DEFAULT NULL,
  `updated_at` timestamp NULL DEFAULT NULL,
  PRIMARY KEY (`id`),
  UNIQUE KEY `subjects_name_unique` (`name`)
) ENGINE=InnoDB AUTO_INCREMENT=45 DEFAULT CHARSET=utf8mb4 COLLATE=utf8mb4_unicode_ci;

-- Dumping data for table dhsn_sms.subjects: ~8 rows (approximately)
/*!40000 ALTER TABLE `subjects` DISABLE KEYS */;
INSERT INTO `subjects` (`id`, `name`, `created_at`, `updated_at`) VALUES
	(24, ' ', '2021-04-21 11:56:57', '2021-04-21 11:56:57'),
	(25, 'English Language', '2021-04-21 11:57:28', '2021-04-21 11:57:28'),
	(26, 'Mathematics', '2021-04-21 11:57:40', '2021-04-21 11:57:40'),
	(27, 'Basic Science', '2021-04-21 11:58:38', '2021-04-21 11:58:38'),
	(28, 'Civic Education', '2021-04-21 11:58:53', '2021-04-21 11:58:53'),
	(29, 'Computer Studies', '2021-04-21 11:59:04', '2021-04-21 11:59:04'),
	(30, 'Hausa Language', '2021-04-21 11:59:22', '2021-04-21 11:59:22'),
	(32, '', '2021-04-21 11:59:55', '2021-04-21 11:59:55'),
	(33, '', '2021-04-21 12:00:07', '2021-04-21 12:00:07'),
	(35, '', '2021-05-02 20:44:59', '2021-05-02 20:44:59'),
	(36, '', '2021-05-03 18:30:30', '2021-05-03 18:30:30'),
	(37, ' ', '2021-05-03 18:32:27', '2021-05-03 18:32:27'),
	(38, '', '2021-05-03 18:32:53', '2021-05-03 18:32:53'),
	(39, '', '2021-05-03 18:33:30', '2021-05-03 18:33:30'),
	(40, '', '2021-05-03 18:34:25', '2021-05-03 18:34:25'),
	(41, ' ', '2021-05-03 18:35:00', '2021-05-03 18:35:00'),
	(42, '', '2021-05-03 18:36:54', '2021-05-03 18:36:54'),
	(43, '', '2021-05-03 18:37:06', '2021-05-03 18:37:06'),
	(44, '', '2021-05-04 10:31:45', '2021-05-04 10:31:45');
/*!40000 ALTER TABLE `subjects` ENABLE KEYS */;

-- Dumping structure for table dhsn_sms.teachers
CREATE TABLE IF NOT EXISTS `teachers` (
  `id` bigint(20) unsigned NOT NULL AUTO_INCREMENT,
  `user_id` char(36) COLLATE utf8mb4_unicode_ci NOT NULL,
  `teacher_id` varchar(255) COLLATE utf8mb4_unicode_ci NOT NULL,
  `fname` varchar(255) COLLATE utf8mb4_unicode_ci DEFAULT NULL,
  `mname` varchar(255) COLLATE utf8mb4_unicode_ci DEFAULT NULL,
  `lname` varchar(255) COLLATE utf8mb4_unicode_ci DEFAULT NULL,
  `dob` date DEFAULT NULL,
  `gender` varchar(255) COLLATE utf8mb4_unicode_ci DEFAULT NULL,
  `nationality` varchar(255) COLLATE utf8mb4_unicode_ci DEFAULT NULL,
  `address` varchar(255) COLLATE utf8mb4_unicode_ci DEFAULT NULL,
  `state_id` bigint(20) unsigned DEFAULT NULL,
  `lga_id` bigint(20) unsigned DEFAULT NULL,
  `level_id` bigint(20) unsigned DEFAULT NULL,
  `arm_id` bigint(20) unsigned DEFAULT NULL,
  `passport` blob,
  `resume` blob,
  `employment_date` date DEFAULT NULL,
  `deleted_at` timestamp NULL DEFAULT NULL,
  `created_at` timestamp NULL DEFAULT NULL,
  `updated_at` timestamp NULL DEFAULT NULL,
  PRIMARY KEY (`id`),
  UNIQUE KEY `teachers_teacher_id_unique` (`teacher_id`),
  KEY `teachers_state_id_foreign` (`state_id`),
  KEY `teachers_lga_id_foreign` (`lga_id`),
  KEY `teachers_level_id_foreign` (`level_id`),
  KEY `teachers_user_id_foreign` (`user_id`),
  KEY `teachers_arm_id_foreign` (`arm_id`),
  CONSTRAINT `teachers_arm_id_foreign` FOREIGN KEY (`arm_id`) REFERENCES `arms` (`id`),
  CONSTRAINT `teachers_level_id_foreign` FOREIGN KEY (`level_id`) REFERENCES `levels` (`id`),
  CONSTRAINT `teachers_lga_id_foreign` FOREIGN KEY (`lga_id`) REFERENCES `lgas` (`id`),
  CONSTRAINT `teachers_state_id_foreign` FOREIGN KEY (`state_id`) REFERENCES `states` (`id`),
  CONSTRAINT `teachers_user_id_foreign` FOREIGN KEY (`user_id`) REFERENCES `users` (`id`) ON DELETE CASCADE
) ENGINE=InnoDB AUTO_INCREMENT=24 DEFAULT CHARSET=utf8mb4 COLLATE=utf8mb4_unicode_ci;

-- Dumping data for table dhsn_sms.teachers: ~2 rows (approximately)
/*!40000 ALTER TABLE `teachers` DISABLE KEYS */;
INSERT INTO `teachers` (`id`, `user_id`, `teacher_id`, `fname`, `mname`, `lname`, `dob`, `gender`, `nationality`, `address`, `state_id`, `lga_id`, `level_id`, `arm_id`, `passport`, `resume`, `employment_date`, `deleted_at`, `created_at`, `updated_at`) VALUES
	(1, 'abdd6f34-d2bb-4134-bfcd-2a6954e78b73', 'NHS/00000', 'Admin', '', 'Teacher', '2021-04-02', 'Male', 'Nigeria', '    No. 4 Madarkachi Road, Gaskiya Layout, Zaria, Kaduna State - Nigeria.', 15, 281, 4, 2, _binary 0x4A47553946316150675A38476259686D37694442306E77796975656E4C354963374B574C6C666E542E706E67, _binary 0x5353432D34372D32303231202831295F313631373336333739332E706466, '2021-04-06', NULL, '2021-04-02 11:43:13', '2021-04-02 11:43:13'),
	(23, '7b0167d6-59cf-455e-b87e-40aefc55e3d4', 'NHS/00001', 'Bin ', NULL, 'Hussain', NULL, 'Male', NULL, NULL, 19, 369, NULL, NULL, NULL, NULL, NULL, NULL, '2021-04-24 09:52:12', '2021-04-24 09:52:12');
/*!40000 ALTER TABLE `teachers` ENABLE KEYS */;

-- Dumping structure for table dhsn_sms.terms
CREATE TABLE IF NOT EXISTS `terms` (
  `id` bigint(20) unsigned NOT NULL AUTO_INCREMENT,
  `name` varchar(255) COLLATE utf8mb4_unicode_ci NOT NULL,
  `section_id` bigint(20) unsigned NOT NULL,
  `start_date` date NOT NULL,
  `end_date` date NOT NULL,
  `status` varchar(255) COLLATE utf8mb4_unicode_ci NOT NULL,
  `created_at` timestamp NULL DEFAULT NULL,
  `updated_at` timestamp NULL DEFAULT NULL,
  PRIMARY KEY (`id`),
  KEY `terms_section_id_foreign` (`section_id`),
  CONSTRAINT `terms_section_id_foreign` FOREIGN KEY (`section_id`) REFERENCES `sections` (`id`) ON DELETE CASCADE
) ENGINE=InnoDB AUTO_INCREMENT=4 DEFAULT CHARSET=utf8mb4 COLLATE=utf8mb4_unicode_ci;

-- Dumping data for table dhsn_sms.terms: ~3 rows (approximately)
/*!40000 ALTER TABLE `terms` DISABLE KEYS */;
INSERT INTO `terms` (`id`, `name`, `section_id`, `start_date`, `end_date`, `status`, `created_at`, `updated_at`) VALUES
	(1, '1st Term', 1, '2020-09-07', '2021-04-30', 'open', '2021-04-13 10:27:59', '2021-04-13 10:27:59'),
	(2, '2nd Term', 1, '2021-05-10', '2021-07-30', 'open', '2021-04-13 10:33:18', '2021-04-13 10:33:18'),
	(3, '3rd Term', 1, '2021-09-13', '2021-12-17', 'open', '2021-04-13 10:33:41', '2021-04-13 10:33:41');
/*!40000 ALTER TABLE `terms` ENABLE KEYS */;

-- Dumping structure for table dhsn_sms.units
CREATE TABLE IF NOT EXISTS `units` (
  `id` int(11) NOT NULL AUTO_INCREMENT,
  `name` varchar(50) NOT NULL,
  PRIMARY KEY (`id`)
) ENGINE=InnoDB AUTO_INCREMENT=5 DEFAULT CHARSET=latin1;

-- Dumping data for table dhsn_sms.units: ~1 rows (approximately)
/*!40000 ALTER TABLE `units` DISABLE KEYS */;
INSERT INTO `units` (`id`, `name`) VALUES
	(4, 'new 3');
/*!40000 ALTER TABLE `units` ENABLE KEYS */;

-- Dumping structure for table dhsn_sms.users
CREATE TABLE IF NOT EXISTS `users` (
  `id` char(36) COLLATE utf8mb4_unicode_ci NOT NULL,
  `email` varchar(255) COLLATE utf8mb4_unicode_ci NOT NULL,
  `email_verified_at` timestamp NULL DEFAULT NULL,
  `password` varchar(255) COLLATE utf8mb4_unicode_ci NOT NULL,
  `remember_token` varchar(100) COLLATE utf8mb4_unicode_ci DEFAULT NULL,
  `deleted_at` timestamp NULL DEFAULT NULL,
  `created_at` timestamp NULL DEFAULT NULL,
  `updated_at` timestamp NULL DEFAULT NULL,
  PRIMARY KEY (`id`),
  UNIQUE KEY `users_email_unique` (`email`)
) ENGINE=InnoDB DEFAULT CHARSET=utf8mb4 COLLATE=utf8mb4_unicode_ci;

-- Dumping data for table dhsn_sms.users: ~62 rows (approximately)
/*!40000 ALTER TABLE `users` DISABLE KEYS */;
INSERT INTO `users` (`id`, `email`, `email_verified_at`, `password`, `remember_token`, `deleted_at`, `created_at`, `updated_at`) VALUES
	('02dfbe51-0416-45e9-b644-9f092fa31082', 'SACHIS19JS1109', NULL, '$2y$10$/zC788MPONCAZm8jWrPpO.vzsUTnph8mADQfpqqBHo0Ei3wEIUcYi', NULL, NULL, '2021-05-02 20:34:30', '2021-05-02 20:34:30'),
	('07c174bc-cb9b-4d2f-8af2-0aa9245f9dde', 'SACHIS20JS1096', NULL, '$2y$10$PAXxZDlyPIAtwdLtq8q8aeJRQfu3qOCqQ8munzqOq9HUiwZF7CCMy', NULL, NULL, '2021-05-02 20:34:29', '2021-05-02 20:34:29'),
	('0b14fe92-a902-4e10-926b-deac3b592723', 'SACHIS19JS1094', NULL, '$2y$10$8fqm9/EIyx2rPxyd7Uq.gOJC5sfA0PLgtfXmOQMtrflC1wewP/K.K', NULL, NULL, '2021-05-04 10:08:35', '2021-05-04 10:08:35'),
	('0d686536-d8cb-49c4-91c5-52e8cf10e036', 'SACHIS20JS1149', NULL, '$2y$10$qy9Jf73GqxtqQj8kbIOQ6uBFVVbsjFkZ.xf49PFN.kURSq1Ib6BPy', NULL, NULL, '2021-05-02 20:34:29', '2021-05-02 20:34:29'),
	('11258403-f8a6-45ac-b22a-cf90c8c84833', 'ABDULMUSAWWIR', NULL, '$2y$10$CzNnB.FdsUnMkUgyTUxrau/M67DylhJ5gO83cYUi9hgSb1tbFPmIK', NULL, NULL, '2021-05-02 20:15:37', '2021-05-02 20:15:37'),
	('1270dfbe-0bb2-4f6c-b537-12d68841ee6a', 'SACHIS19JS1111', NULL, '$2y$10$8O5U7o4koucOSQI2Mq2s3OGPuhON4nmIQCx2DI.LKPAGWhVycPRvO', NULL, NULL, '2021-05-02 20:34:30', '2021-05-02 20:34:30'),
	('13048d7c-933b-4347-b1d2-b1842aaf6925', 'SACHIS19JS1101', NULL, '$2y$10$b64OwqZ0qfoo.Kdb/7D1NuWdvq64cxTsybKw3jngDZ6nz68eUeHG6', NULL, NULL, '2021-05-02 20:34:30', '2021-05-02 20:34:30'),
	('1736403d-e128-4d7d-9641-0245b45be7f1', 'SACHIS20JS1137', NULL, '$2y$10$G3vhhHwnQj0GaJNGTSd0IeaL8IOShy6VMXH4w.B0jScajO7XN.H6S', NULL, NULL, '2021-05-02 20:34:30', '2021-05-02 20:34:30'),
	('1fb5e4e8-d59f-4991-a616-f02a0edad6bc', 'SACHIS20JS1148', NULL, '$2y$10$EKy2440oixcSGOV8WK/HQeThLNi5WimzVMBvgK/X6PkNAcG4tctwe', NULL, NULL, '2021-05-02 20:34:30', '2021-05-02 20:34:30'),
	('23b07c86-6cff-4677-919e-f98ce37f45ad', 'SACHIS19JS1098', NULL, '$2y$10$jy2tAH4Mg4rQFMKlWL96he1U.ltBa6ThcIJeOQohJ07p.i6rM.7Za', NULL, NULL, '2021-05-02 20:34:30', '2021-05-02 20:34:30'),
	('274ce36c-86e9-4ac7-844b-2fba64b26636', 'SACHIS19JS1095', NULL, '$2y$10$aOnxG.Vk4umya2PzNmhILOVJHD12BELkrxNuC04EqTexaFNCkmBPS', NULL, NULL, '2021-05-04 10:08:35', '2021-05-04 10:08:35'),
	('28e440ef-f25a-45c7-afc1-9f36f19bf391', 'SACHIS19JS1112', NULL, '$2y$10$q889op6E999Qs1KJPTa3CegrMIdGweaEKH8AlRq6JNp/jM9ZEkI0O', NULL, NULL, '2021-05-02 20:52:21', '2021-05-02 20:52:21'),
	('2c620a78-1b1d-4709-afee-336b69b0993f', 'SACHIS20JS1146', NULL, '$2y$10$n.9rrctcvGN4/2vDbnqZf.qIrszEAp4FKlScu1bER/Xh5uMRxrMH2', NULL, NULL, '2021-05-04 10:08:35', '2021-05-04 10:08:35'),
	('308a07b6-3cd6-40ba-a149-c2087054137b', 'SACHIS20JS1133', NULL, '$2y$10$bm58FOZs3ZBscZE71sdmXOoOkolTANGP4oIaFddpwNe3kDLX3UU26', NULL, NULL, '2021-05-04 10:08:35', '2021-05-04 10:08:35'),
	('3180a76b-a5b2-4468-b9cd-41a7fc9c7fe7', 'USMAN', NULL, '$2y$10$bMIMpBI3QneYUhnvWxMF9e85NVDIDLOHpmmvzyL/wcWdsP5YzSbLi', NULL, NULL, '2021-05-02 20:15:38', '2021-05-02 20:15:38'),
	('3597f0da-b91f-482c-a90d-b0a2508433c9', 'SAADOU', NULL, '$2y$10$02UXTYj8p.TkX6.KyBc/NuHmvU9GihcKAPhXqxraIhBONStqK7kkK', NULL, NULL, '2021-05-02 20:15:38', '2021-05-02 20:15:38'),
	('37f241fd-e644-470a-8cd6-28b70f64d9ec', 'MUKTAR', NULL, '$2y$10$UKcU62odauyv8Sl/8SDiquIJ4U0oTayuRi6SwwUG/aQHUmvMlK0KG', NULL, NULL, '2021-05-02 20:15:38', '2021-05-02 20:15:38'),
	('38c35e30-0ddf-4039-83dd-5bc94b8a78d5', 'SACHIS20JS1141', NULL, '$2y$10$z0m6S3otxYwnkOkRpUG4cuxWqQvnO3S9z38byAQKmMD1ae5fpHxh.', NULL, NULL, '2021-05-04 10:08:35', '2021-05-04 10:08:35'),
	('3b759d13-4017-470b-be74-309917434ad3', 'SACHIS19JS1088', NULL, '$2y$10$0od1FWpWUTmMAQwXU4W1Ieoi77fx3huEE9K22pWPYhCpBl/PHqxQe', NULL, NULL, '2021-05-04 10:08:34', '2021-05-04 10:08:34'),
	('3e4361d3-d0c1-434a-9e4e-9726be6c23fe', 'MUHAMMAD', NULL, '$2y$10$T7kBC72TwRY0Na8F3vI.H.ZX/HbnEIGM/gFnHCeB1FTkQrL1Nvmuq', NULL, NULL, '2021-05-02 20:15:38', '2021-05-02 20:15:38'),
	('43e1ca00-2dce-4415-b54e-59399e0e66f6', 'SACHIS20JS1147', NULL, '$2y$10$PDMFiugPLnfgA71rRPC/BetfhQElK4rJRj.NN8n35NUQtb5xY5lzW', NULL, NULL, '2021-05-04 10:08:35', '2021-05-04 10:08:35'),
	('4c1e639d-b475-4255-9a31-df9e8983a142', 'AMINU', NULL, '$2y$10$8uVYztMUOUSHoleBEa3gfuKXQf78gahiEcGmSfqrs6cgUCIR1pGOq', NULL, NULL, '2021-05-02 20:15:37', '2021-05-02 20:15:37'),
	('51a5b5c4-dd0d-4be3-a088-c2345f359efa', 'SACHIS20JS1151', NULL, '$2y$10$4aW8k3bnV2CCInIrYX3BT.8KhqrDSX2c62J.kXKYlhM7teu5I36Aa', NULL, NULL, '2021-05-02 20:34:30', '2021-05-02 20:34:30'),
	('63161595-28cc-4db5-88b9-c8d2bae9cc4b', 'admin@dhsnigeria.org', NULL, '$2y$10$tp0acUX4pw/6qgulA1kLZecEj3KZMZyJVLpxtG2zyAKb3DKPoeWeC', '8f67ttd36t2uT4DVPjG48vQJpLOLqlqV6Gw7ODtOX6DmCMUnm19ezE2rPh5z', NULL, '2021-04-19 18:19:03', '2021-04-19 18:19:05'),
	('65718582-f344-445a-9d86-c260b288cde2', 'guardian@dhsnigeria.org', NULL, '$2y$10$bGMEk9oYJczLaoLaSZfIhu4Cjk6zfVvp8P3aPcb8.tOOaJPvuE8Ym', NULL, NULL, '2021-04-02 10:52:34', '2021-04-02 10:52:34'),
	('68dc03e9-df17-4f7e-aa1f-550d585e38e9', 'SACHIS19JS1097', NULL, '$2y$10$d6WAYlC8omw5uf.3YPIs0.VqCD7Smx1otDxCjN3ZkwCgvLi09K05a', NULL, NULL, '2021-05-02 20:34:30', '2021-05-02 20:34:30'),
	('6990c512-0a7a-4134-95d8-251fe1cd2fd1', 'HABIBU', NULL, '$2y$10$92s9.rSHRUVfUEl6ig3P0eNANE8hNYojpICRfp3x9y87ubISunuXa', NULL, NULL, '2021-05-02 20:15:38', '2021-05-02 20:15:38'),
	('6b0dd3b4-6161-413b-801d-1a94b29bc50c', 'SACHIS19JS1082', NULL, '$2y$10$ZEpM5WWuLUrObp0MxUcbC.QSzZFUP.9ARO1YtHZ0mq3zYC6jQ72oO', NULL, NULL, '2021-05-04 10:08:32', '2021-05-04 10:08:32'),
	('6b449179-2df4-4eaa-971b-b1f9c4c5edfa', 'SACHIS20JS1084', NULL, '$2y$10$ipQ/nsnhT4j5Q4kBwJDEhOZFP2r5DzOGSxAjA50VPVXz4.RZR.Uia', NULL, NULL, '2021-05-04 10:08:35', '2021-05-04 10:08:35'),
	('79029ad3-bc8e-4a6b-8383-da13c7440b86', 'SACHIS20JS1128', NULL, '$2y$10$S5tlb0ZM/XfpEvjI/.4aL.C4vRkvAypsjxmPuVv1O7nMwi7Jo7gtK', NULL, NULL, '2021-05-02 20:34:30', '2021-05-02 20:34:30'),
	('7b0167d6-59cf-455e-b87e-40aefc55e3d4', 'abdulmuqeethussain@gmail.com', NULL, '$2y$10$1XANBQMuDpfyxhh6JuI19.cIfEBibv3bTMrQrDhdBbiIACRL67GSW', NULL, NULL, '2021-04-24 09:52:12', '2021-04-24 09:52:12'),
	('7d91d7f9-b7e2-46aa-92d6-0b223b79c437', 'SULAIMAN', NULL, '$2y$10$GaLhSJxEw4/DGigaByy71uXdHb0YcVe7HoBFDdYi3pSjYAzBo1oiu', NULL, NULL, '2021-05-02 20:15:38', '2021-05-02 20:15:38'),
	('7eedcb91-e8cc-419c-8f32-406b7678e33d', 'ADAMU', NULL, '$2y$10$/hJpKB8eaikwL5hUVg24xuDDnAG4Jp3l0eL8T2f1Aycfxexo3pR/C', NULL, NULL, '2021-05-02 20:15:37', '2021-05-02 20:15:37'),
	('86dd20a1-641c-49b8-b8ad-c3490c8d7581', 'SACHIS20JS1138', NULL, '$2y$10$m1oXxc5wxbgzhKyiHo668Ozn6xqIT.XLwseRySG0ISwTJB6hJk6e2', NULL, NULL, '2021-05-04 10:08:35', '2021-05-04 10:08:35'),
	('8872ff32-691b-482a-ae3f-7ea50c58232e', 'SACHIS19JS1113', NULL, '$2y$10$jEwNN/.Ymx.1nnGOv7Q1RumfzVkyG3.104CarYiNjwYlQ48ev5s8S', NULL, NULL, '2021-05-02 20:34:30', '2021-05-02 20:34:30'),
	('8a811f61-e3d3-41cb-bb0b-36ce253870f2', 'JAAFAR ', NULL, '$2y$10$BAVGeQpx5BKNzY5mp12z7e4YcvlGlO6aGM3zgguyTnetl9resicVe', NULL, NULL, '2021-05-02 20:15:38', '2021-05-02 20:15:38'),
	('94d12b40-c3b0-433d-af35-b70892f568bd', 'SACHIS20JS1140', NULL, '$2y$10$OD8D5KcUqWeaZ5OCgYYJzOfOB72oIxKZTv3RUyYoYCwdlYrUp95L.', NULL, NULL, '2021-05-02 20:34:30', '2021-05-02 20:34:30'),
	('969ef8cf-afec-49bb-b400-105416c1f10d', 'ALIYU', NULL, '$2y$10$I3DLZTrkCyz67Ukn9wqlgOrgCoXpOkbwubW3pK1As1QE18qVibU7q', NULL, NULL, '2021-05-02 20:15:37', '2021-05-02 20:15:37'),
	('98feba31-bf31-4af7-b70f-11311519c885', 'MUSA', NULL, '$2y$10$uv1idz5g7Tw160ZGYUlKXuJLogTN04gOwP2oz/jQ/s6yWUt1xGZdS', NULL, NULL, '2021-05-02 20:15:38', '2021-05-02 20:15:38'),
	('9ce5619c-555b-42c3-81de-171867ad8344', 'SACHIS19JS1185', NULL, '$2y$10$pAQk61.sISE9rvjUAuqG7uYuLjwLH5dgi2WdE90GwzwSGxsjKqZDC', NULL, NULL, '2021-05-04 10:08:35', '2021-05-04 10:08:35'),
	('9e5f9c12-6dc4-417d-a304-eff786c7e4f6', 'SACHIS19JS1192', NULL, '$2y$10$8h1eG2FV3x8swbGUvnqU..59VizKcvakxnD6TWPDUPh6gCe.oMXU2', NULL, NULL, '2021-05-04 10:08:35', '2021-05-04 10:08:35'),
	('a68e2b56-04ff-40b6-a020-624eb117f8b0', 'ABUBAKAR', NULL, '$2y$10$LbBQ9qVSIpl2bKc4V4CMfehIMvt.x8tYG/90WvJbQvjXDD5nDAOXO', NULL, NULL, '2021-05-02 20:15:37', '2021-05-02 20:15:37'),
	('aa4d8266-5a7c-4f74-85ee-5cc3501cb370', 'ABDULLAHI ', NULL, '$2y$10$aXXSabgc8JY7AXiBCeGLHu9TRdt3G.JMucrHnTVR4MdvrzqmXYB7e', NULL, NULL, '2021-05-02 20:15:37', '2021-05-02 20:15:37'),
	('aa652dc6-be24-484e-9b0b-d9b004ef2a07', 'SACHIS20JS1082', NULL, '$2y$10$dV3ITk5D/jTnwF1OAJQqTOvqkMcuXKzs/KK6jmQjGo/5irrVtG3ii', NULL, NULL, '2021-05-04 10:08:35', '2021-05-04 10:08:35'),
	('abdd6f34-d2bb-4134-bfcd-2a6954e78b73', 'teacher@dhsnigeria.org', NULL, '$2y$10$bGMEk9oYJczLaoLaSZfIhu4Cjk6zfVvp8P3aPcb8.tOOaJPvuE8Ym', 'zyYMDNQIuhGFQIYUpxQ9te6KgGHa6s4ntYOby9DsPr8oyKELWHBlOBJvdfTV', NULL, '2021-04-02 11:43:13', '2021-04-02 11:43:13'),
	('ae4c6a9f-c68a-4156-8d85-df33348e9883', 'SACHIS19JS1114', NULL, '$2y$10$0fWUbU8UQDSY57FpGlaqou6U7.5YdPLSKSJcpukJe/8Jk419fxePW', NULL, NULL, '2021-05-04 10:08:35', '2021-05-04 10:08:35'),
	('b8b5c261-c90d-4bf3-9a9a-acc2e296769e', 'SACHIS20JS1131', NULL, '$2y$10$lkESAuiqKDBG0wrV82IUGe3MfoBJkyO66/b1ZVPc/HjxKIPJPjDH2', NULL, NULL, '2021-05-04 10:08:35', '2021-05-04 10:08:35'),
	('ba88db18-bcc1-402d-aef9-71e6a0add50d', 'SACHIS20JS1126', NULL, '$2y$10$C2y7bL9Kd1MxWIesgLFSkO1xG5rkX/3QHfVgao4Ghy6NSgZKrH23G', NULL, NULL, '2021-05-04 10:08:35', '2021-05-04 10:08:35'),
	('bf4e09dc-838f-4594-9d8b-284ebef4ca2c', 'SACHIS19JS1115', NULL, '$2y$10$gaOO9DllkqzpCePNYFqizuT3XZz6RnFQyY3Dysfa0xX9tJ9zyP7xu', NULL, NULL, '2021-05-04 10:08:35', '2021-05-04 10:08:35'),
	('c394f93a-4f0c-4802-b680-c03f1255f634', 'SACHIS19JS1104', NULL, '$2y$10$l96/iOPbxuEefYQlRaLj5O.4JnirH2k1Sqzgf2kTMXrqq8nvjzZhe', NULL, NULL, '2021-05-02 20:34:30', '2021-05-02 20:34:30'),
	('c71aa087-e9cc-41ee-ac0f-8cc5a50ec2ab', 'SACHIS19JS1086', NULL, '$2y$10$Xxbr30Twy/Z80qcRYA0ndeILsAVLWeQBk7moNXR69DHzarFFjLsF.', NULL, NULL, '2021-05-04 10:08:34', '2021-05-04 10:08:34'),
	('cdb82cd0-3018-4639-a8bf-549b79cc0b68', 'SACHIS20JS1135', NULL, '$2y$10$1abRU/c0rfZAWVYEFIwV/OXR0464So9VLEymMJUjvak1SR3MG/EGG', NULL, NULL, '2021-05-04 10:08:35', '2021-05-04 10:08:35'),
	('cea2b55c-73d1-4fe4-b5a4-17852d008938', 'ABDULMAJEED', NULL, '$2y$10$mIQyQgaIcwu0UswrVINa7uKoWrYJAecBq4szTvzhUs6xGQNW60C6e', NULL, NULL, '2021-05-02 20:15:37', '2021-05-02 20:15:37'),
	('cf393f19-f9f5-4b1b-a3dd-259a9d069bb1', 'SACHIS19JS1117', NULL, '$2y$10$ogZHK.Ez36x/4160CqPqleChSc/H/CDefuiLdysA2A3F04ZRNI2fq', NULL, NULL, '2021-05-02 20:34:30', '2021-05-02 20:34:30'),
	('d01d6ced-d6aa-40df-b6f0-6f7719076d72', 'SACHIS20JS1121', NULL, '$2y$10$fo1aFte.6pBWO7UYei1ur.i/0LVWdy5u97oUs8pFIVjkLplumz0uu', NULL, NULL, '2021-05-02 20:34:30', '2021-05-02 20:34:30'),
	('dbea63bb-1f41-488a-ad04-1797af5d3ead', 'SACHIS19JS1105', NULL, '$2y$10$cGEpNqcWyflMYmpKg62zYeWre3sjhBlnl9ftunNl0WO.97m04qYnS', NULL, NULL, '2021-05-02 20:34:30', '2021-05-02 20:34:30'),
	('dc9e1b25-6d28-4be8-b128-006d1623cde0', 'BILYAMINU', NULL, '$2y$10$.rYCOXvOQ44vDwgl7eCfZOIFrl/MNVmPQXZjEP6x.gxrXGQD7I7E6', NULL, NULL, '2021-05-02 20:15:37', '2021-05-02 20:15:37'),
	('e031ae54-12ac-4c84-8567-8f94ba285456', 'SACHIS19JS1093', NULL, '$2y$10$PtkqhyCuJPNXfys6wm9qvuU5EwvUao5IoIir.algkFXwVBCCPtlii', NULL, NULL, '2021-05-04 10:08:34', '2021-05-04 10:08:34'),
	('e2706a53-cfe8-4513-a1ee-71769249cb8d', 'SACHIS19JS1100', NULL, '$2y$10$WKrqjBh7S7HgCg.9AWzUwOPXLZ8GEkKb9hf.eHhMqleU92DhQPmNi', NULL, NULL, '2021-05-02 20:34:30', '2021-05-02 20:34:30'),
	('e9024b3b-4364-4684-b499-ed9a48b5983b', 'SACHIS20JS1127', NULL, '$2y$10$wqv1yc0uW87rgtomYkJ23.vo3psxfK/gIlD1yHMgMMKDNf7UUncz.', NULL, NULL, '2021-05-02 20:34:30', '2021-05-02 20:34:30'),
	('f5d67d86-2e9c-43bf-9b56-c2e988f7a970', 'SACHIS20JS1150', NULL, '$2y$10$LgJlCNqo.buLwlkQV8omx.Vrz./lQTldtJXcVGDbXjeern41DMegm', NULL, NULL, '2021-05-02 20:34:30', '2021-05-02 20:34:30'),
	('fe5ecdb7-177a-47a4-8e61-316ac09e04e9', 'SACHIS19JS1099', NULL, '$2y$10$owYB0LGnAD8pJ8h9d/koZO3qj3p6lA0w6/Wx0JShV8bMM4BU0Hwha', NULL, NULL, '2021-05-02 20:34:30', '2021-05-02 20:34:30');
/*!40000 ALTER TABLE `users` ENABLE KEYS */;

/*!40101 SET SQL_MODE=IFNULL(@OLD_SQL_MODE, '') */;
/*!40014 SET FOREIGN_KEY_CHECKS=IF(@OLD_FOREIGN_KEY_CHECKS IS NULL, 1, @OLD_FOREIGN_KEY_CHECKS) */;
/*!40101 SET CHARACTER_SET_CLIENT=@OLD_CHARACTER_SET_CLIENT */;
